,Id_block,valence_nrc,arousal_nrc,dominance_nrc,anger_nrc,disgust_nrc,fear_nrc,joy_nrc,sadness_nrc,surprise_nrc,valence_feel,arousal_feel,dominance_feel,anger_feel,disgust_feel,fear_feel,joy_feel,sadness_feel,surprise_feel
0,0,0.062,0.490,0.240,0.000,0.000,0.000,0.000,0.000,0.000,0.621,0.396,0.592,0.200,0.000,0.000,0.000,0.200,0.000
1,1,0.624,0.609,0.548,0.333,0.000,0.333,0.333,0.000,0.000,0.601,0.600,0.602,0.250,0.250,0.250,0.000,0.250,0.250
2,2,0.906,0.717,0.615,0.000,0.000,0.000,1.000,0.000,0.000,0.532,0.507,0.573,0.333,0.000,0.333,0.333,0.333,0.000
3,3,0.938,0.368,0.534,0.000,0.000,0.000,1.000,0.000,0.000,0.750,0.329,0.409,0.000,0.000,0.250,0.000,0.000,0.250
4,4,0.714,0.635,0.601,0.000,0.000,0.000,1.000,0.000,0.500,0.766,0.382,0.432,0.000,0.000,0.000,0.000,0.000,0.000
5,5,0.495,0.344,0.482,0.000,0.250,0.000,0.500,0.000,0.250,0.597,0.371,0.449,0.000,0.143,0.143,0.000,0.000,0.143
6,6,0.659,0.468,0.470,0.000,0.000,0.000,0.400,0.000,0.200,0.614,0.475,0.433,0.000,0.000,0.200,0.300,0.300,0.000
7,8,0.669,0.461,0.448,0.000,0.000,0.000,0.000,0.000,0.000,0.583,0.312,0.425,0.250,0.250,0.250,0.000,0.000,0.250
8,9,0.815,0.541,0.719,0.000,0.000,0.000,0.333,0.000,0.333,0.665,0.436,0.625,0.000,0.000,0.000,0.000,0.000,0.300
9,11,0.781,0.503,0.558,0.000,0.000,0.000,0.667,0.000,0.000,0.668,0.479,0.574,0.000,0.000,0.167,0.000,0.000,0.167
10,12,0.909,0.520,0.605,0.000,0.000,0.000,0.500,0.000,0.000,0.660,0.427,0.505,0.000,0.000,0.500,0.000,0.000,0.250
11,13,0.530,0.516,0.529,0.167,0.167,0.167,0.167,0.000,0.000,0.425,0.411,0.418,0.429,0.429,0.000,0.000,0.000,0.000
12,14,0.786,0.524,0.627,0.000,0.000,0.000,0.333,0.000,0.333,0.685,0.419,0.672,0.125,0.125,0.000,0.000,0.125,0.125
13,15,0.695,0.500,0.777,0.000,0.000,0.000,0.333,0.000,0.000,0.620,0.437,0.672,0.000,0.125,0.250,0.000,0.000,0.125
14,16,0.551,0.556,0.617,0.000,0.000,0.000,0.000,0.000,0.000,0.623,0.416,0.633,0.143,0.000,0.000,0.000,0.000,0.000
15,17,0.724,0.619,0.548,0.000,0.000,0.000,0.000,0.000,0.500,0.636,0.468,0.587,0.111,0.000,0.111,0.000,0.000,0.111
16,18,0.517,0.497,0.509,0.000,0.000,0.400,0.400,0.400,0.000,0.603,0.429,0.515,0.133,0.067,0.267,0.133,0.133,0.067
17,19,0.755,0.550,0.622,0.000,0.000,0.000,0.000,0.000,0.000,0.654,0.458,0.508,0.111,0.056,0.056,0.167,0.000,0.056
18,20,0.922,0.461,0.552,0.000,0.000,0.000,1.000,0.000,0.000,0.667,0.471,0.537,0.000,0.000,0.000,0.000,0.000,0.000
19,21,0.145,0.392,0.310,0.000,0.000,0.000,0.000,1.000,0.000,0.432,0.331,0.438,0.000,0.000,0.250,0.000,0.500,0.250
20,22,0.353,0.520,0.439,0.000,0.000,0.000,0.000,0.000,0.000,0.586,0.414,0.589,0.125,0.125,0.000,0.125,0.000,0.000
21,23,0.717,0.548,0.626,0.000,0.000,0.000,0.667,0.000,0.333,0.692,0.433,0.599,0.000,0.000,0.000,0.222,0.000,0.111
22,24,0.854,0.576,0.740,0.000,0.000,0.000,0.667,0.000,0.000,0.671,0.454,0.636,0.200,0.000,0.200,0.000,0.000,0.200
23,25,0.292,0.558,0.433,0.000,0.000,0.000,0.000,0.000,0.000,0.564,0.392,0.450,0.000,0.000,0.000,0.000,0.000,0.000
24,29,0.696,0.278,0.583,0.000,0.000,0.000,0.667,0.333,0.000,0.665,0.355,0.611,0.200,0.200,0.200,0.000,0.000,0.000
25,31,0.630,0.299,0.485,0.000,0.000,0.000,0.000,0.000,0.000,0.735,0.469,0.576,0.125,0.000,0.000,0.125,0.125,0.000
26,32,0.375,0.602,0.426,0.500,0.000,0.500,0.000,0.000,0.000,0.561,0.433,0.512,0.167,0.083,0.167,0.083,0.083,0.000
27,33,0.194,0.533,0.367,0.200,0.200,0.200,0.000,0.200,0.000,0.314,0.488,0.460,0.286,0.000,0.286,0.000,0.286,0.286
28,34,0.656,0.401,0.460,0.000,0.000,0.000,0.500,0.000,0.000,0.717,0.446,0.558,0.000,0.000,0.167,0.167,0.000,0.167
29,36,0.460,0.596,0.514,0.250,0.250,0.250,0.000,0.000,0.000,0.568,0.444,0.561,0.053,0.053,0.105,0.105,0.000,0.000
30,37,0.435,0.581,0.523,0.000,0.000,0.333,0.000,0.333,0.333,0.651,0.391,0.596,0.250,0.125,0.000,0.000,0.125,0.125
31,38,0.329,0.900,0.718,0.000,0.000,0.000,0.000,0.000,0.000,0.484,0.460,0.562,0.200,0.000,0.200,0.000,0.000,0.000
32,39,0.587,0.324,0.359,0.000,0.000,0.000,0.500,0.500,0.000,0.679,0.445,0.472,0.000,0.000,0.250,0.250,0.000,0.250
33,40,0.710,0.216,0.473,0.000,0.000,0.000,0.000,0.000,0.000,0.542,0.374,0.562,0.000,0.000,0.000,0.000,0.000,0.333
34,41,0.587,0.135,0.533,0.000,0.000,0.000,1.000,0.000,0.000,0.630,0.305,0.535,0.000,0.000,0.000,0.000,0.000,0.000
35,42,0.650,0.568,0.612,0.200,0.200,0.200,0.400,0.200,0.200,0.696,0.392,0.566,0.158,0.053,0.105,0.158,0.158,0.158
36,43,0.773,0.560,0.745,0.000,0.000,0.000,0.600,0.000,0.000,0.711,0.453,0.645,0.000,0.000,0.071,0.286,0.143,0.143
37,44,0.812,0.490,0.587,0.000,0.000,0.000,0.500,0.000,0.000,0.712,0.559,0.647,0.000,0.000,0.200,0.200,0.000,0.200
38,45,0.535,0.357,0.432,0.000,0.250,0.000,0.250,0.000,0.000,0.639,0.361,0.484,0.000,0.100,0.100,0.100,0.100,0.100
39,46,0.801,0.497,0.651,0.000,0.000,0.000,0.500,0.000,0.000,0.835,0.536,0.683,0.000,0.250,0.000,0.000,0.250,0.500
40,48,0.062,0.704,0.225,0.000,0.000,0.000,0.000,0.000,0.000,0.437,0.518,0.524,0.000,0.000,0.500,0.000,0.500,0.000
41,49,0.587,0.135,0.533,0.000,0.000,0.000,1.000,0.000,0.000,0.599,0.300,0.626,0.000,0.000,0.000,0.000,0.000,0.000
42,50,0.544,0.544,0.540,0.333,0.000,0.333,0.333,0.333,0.000,0.639,0.441,0.576,0.200,0.000,0.200,0.100,0.100,0.100
43,51,0.591,0.525,0.648,0.000,0.000,0.000,0.250,0.250,0.000,0.625,0.446,0.630,0.000,0.000,0.125,0.000,0.000,0.125
44,52,0.496,0.450,0.452,0.000,0.000,0.000,0.200,0.000,0.000,0.515,0.391,0.421,0.111,0.111,0.444,0.000,0.222,0.111
45,53,0.684,0.446,0.656,0.000,0.000,0.000,0.500,0.000,0.000,0.618,0.436,0.603,0.000,0.000,0.000,0.143,0.000,0.000
46,54,0.377,0.596,0.253,0.333,0.000,0.667,0.000,0.333,0.000,0.581,0.479,0.476,0.143,0.286,0.143,0.000,0.143,0.143
47,55,0.811,0.466,0.594,0.000,0.000,0.000,1.000,0.000,0.000,0.652,0.379,0.623,0.000,0.000,0.000,0.000,0.000,0.000
48,56,0.909,0.488,0.722,0.000,0.000,0.000,1.000,0.000,0.000,0.753,0.356,0.584,0.000,0.000,0.143,0.143,0.000,0.286
49,58,0.903,0.486,0.670,0.000,0.000,0.000,0.667,0.000,0.000,0.716,0.382,0.529,0.000,0.000,0.167,0.333,0.000,0.167
50,59,0.782,0.605,0.650,0.000,0.000,0.000,0.500,0.000,0.000,0.628,0.347,0.481,0.000,0.000,0.000,0.000,0.000,0.000
51,61,0.395,0.351,0.231,0.000,0.000,0.000,0.000,0.000,0.000,0.566,0.424,0.426,0.000,0.000,0.333,0.000,0.333,0.000
52,62,0.939,0.740,0.682,0.000,0.000,0.000,1.000,0.000,0.000,0.640,0.319,0.582,0.200,0.200,0.200,0.000,0.000,0.000
53,63,0.395,0.351,0.231,0.000,0.000,0.000,0.000,0.000,0.000,0.603,0.363,0.465,0.000,0.000,0.333,0.000,0.333,0.000
54,64,0.798,0.459,0.541,0.000,0.000,0.000,0.200,0.000,0.000,0.715,0.422,0.557,0.000,0.100,0.100,0.000,0.000,0.200
55,65,0.590,0.445,0.456,0.000,0.000,0.000,0.333,0.000,0.000,0.602,0.441,0.555,0.000,0.200,0.000,0.000,0.200,0.000
56,66,0.552,0.358,0.473,0.000,0.000,0.000,0.000,0.000,0.000,0.656,0.326,0.635,0.000,0.000,0.000,0.000,0.000,0.000
57,67,0.552,0.358,0.473,0.000,0.000,0.000,0.000,0.000,0.000,0.633,0.434,0.498,0.000,0.000,0.125,0.125,0.125,0.000
58,68,0.770,0.359,0.478,0.000,0.000,0.000,0.667,0.000,0.000,0.734,0.420,0.546,0.000,0.000,0.500,0.000,0.000,0.500
59,69,0.938,0.368,0.534,0.000,0.000,0.000,1.000,0.000,0.000,0.737,0.391,0.450,0.250,0.250,0.500,0.000,0.000,0.250
60,70,0.635,0.590,0.427,0.000,0.000,0.000,0.500,0.000,0.000,0.606,0.437,0.429,0.250,0.250,0.250,0.000,0.000,0.250
61,71,0.818,0.391,0.677,0.000,0.000,0.000,1.000,0.000,0.000,0.647,0.388,0.574,0.000,0.000,0.000,0.167,0.000,0.000
62,72,0.749,0.517,0.586,0.000,0.000,0.000,0.250,0.000,0.000,0.659,0.418,0.538,0.143,0.000,0.286,0.000,0.143,0.143
63,76,0.667,0.338,0.458,0.000,0.000,0.000,0.500,0.000,0.000,0.568,0.385,0.532,0.250,0.250,0.500,0.000,0.250,0.250
64,77,0.320,0.790,0.689,1.000,0.000,1.000,0.000,1.000,1.000,0.562,0.464,0.469,0.167,0.000,0.167,0.000,0.000,0.000
65,79,0.418,0.675,0.474,0.500,0.500,0.500,0.500,0.000,0.000,0.646,0.485,0.555,0.500,0.000,0.500,0.000,0.000,0.000
66,80,0.755,0.494,0.531,0.000,0.000,0.000,0.400,0.000,0.200,0.869,0.322,0.462,0.000,0.000,0.000,0.000,0.000,0.000
67,81,0.632,0.429,0.436,0.000,0.000,0.000,0.500,0.000,0.000,0.505,0.503,0.499,0.333,0.333,0.667,0.000,0.333,0.333
68,83,0.762,0.252,0.534,0.000,0.000,0.000,1.000,0.000,0.000,0.725,0.340,0.572,0.000,0.000,0.167,0.000,0.000,0.167
69,84,0.935,0.427,0.551,0.000,0.000,0.000,0.000,0.000,0.000,0.935,0.427,0.551,0.000,0.000,0.000,1.000,0.000,0.000
70,86,0.690,0.432,0.489,0.250,0.000,0.000,0.250,0.250,0.000,0.664,0.395,0.501,0.000,0.100,0.200,0.100,0.000,0.100
71,87,0.645,0.439,0.447,0.000,0.000,0.000,0.000,0.000,0.000,0.686,0.406,0.434,0.000,0.000,0.333,0.333,0.333,0.000
72,88,0.604,0.540,0.558,0.000,0.000,0.000,0.000,0.000,0.000,0.708,0.387,0.525,0.000,0.000,0.000,0.333,0.000,0.000
73,89,0.922,0.461,0.552,0.000,0.000,0.000,1.000,0.000,0.000,0.094,0.522,0.241,0.000,1.000,0.000,0.000,1.000,0.000
74,90,0.906,0.413,0.573,0.000,0.000,0.000,0.000,0.000,0.000,0.783,0.362,0.581,0.000,0.000,0.000,0.000,0.000,0.000
75,91,0.167,0.712,0.422,1.000,0.000,1.000,0.000,1.000,0.000,0.586,0.431,0.575,0.182,0.091,0.182,0.000,0.182,0.000
76,92,0.667,0.490,0.654,0.000,0.000,0.000,0.000,0.000,0.000,0.674,0.434,0.610,0.000,0.000,0.000,0.000,0.000,0.000
77,93,0.610,0.604,0.571,0.333,0.333,0.333,0.333,0.333,0.000,0.573,0.522,0.507,0.200,0.200,0.200,0.000,0.200,0.000
78,94,0.812,0.373,0.550,0.000,0.000,0.000,1.000,0.000,0.000,0.759,0.384,0.521,0.000,0.000,0.000,0.000,0.000,0.200
79,95,0.906,0.413,0.573,0.000,0.000,0.000,0.000,0.000,0.000,0.724,0.363,0.503,0.000,0.000,0.000,0.000,0.000,0.000
80,96,0.800,0.400,0.620,0.000,0.000,0.000,1.000,0.000,0.000,0.708,0.443,0.564,0.000,0.000,0.000,0.000,0.000,0.000
81,97,0.719,0.528,0.566,0.000,0.000,0.000,0.500,0.000,0.500,0.713,0.459,0.520,0.000,0.000,0.000,0.000,0.000,0.000
82,98,0.828,0.577,0.708,0.000,0.000,0.143,0.714,0.000,0.000,0.851,0.531,0.574,0.000,0.000,0.000,0.000,0.000,0.000
83,99,0.938,0.368,0.534,0.000,0.000,0.000,1.000,0.000,0.000,0.679,0.522,0.496,0.000,0.000,0.333,0.000,0.000,0.333
84,100,0.233,0.459,0.210,0.500,0.000,0.000,0.500,0.000,0.000,0.233,0.459,0.210,1.000,1.000,0.000,0.000,0.000,0.000
85,101,0.364,0.557,0.453,0.333,0.333,0.333,0.333,0.333,0.000,0.549,0.587,0.554,0.000,0.000,0.000,0.250,0.250,0.000
86,102,0.575,0.481,0.497,0.000,0.000,0.000,0.333,0.000,0.000,0.721,0.556,0.563,0.000,0.000,0.000,0.250,0.000,0.000
87,103,0.547,0.502,0.461,0.667,0.000,0.333,0.667,0.333,0.333,0.616,0.472,0.504,0.333,0.167,0.333,0.000,0.000,0.333
88,104,0.701,0.471,0.636,0.000,0.000,0.000,1.000,0.000,0.000,0.680,0.411,0.593,0.000,0.000,0.000,0.000,0.000,0.000
89,105,0.512,0.514,0.428,0.333,0.000,0.000,0.000,0.333,0.000,0.539,0.489,0.471,0.250,0.250,0.250,0.250,0.500,0.250
90,106,0.161,0.900,0.611,1.000,1.000,1.000,0.000,1.000,0.000,0.382,0.653,0.641,0.500,0.500,0.500,0.000,0.500,0.000
91,107,0.447,0.699,0.599,0.500,0.500,0.500,0.500,0.000,0.000,0.641,0.392,0.540,0.000,0.000,0.000,0.000,0.000,0.000
92,108,0.286,0.361,0.325,0.000,1.000,0.000,0.000,0.000,0.000,0.378,0.406,0.434,0.500,0.500,0.500,0.000,0.000,0.000
93,109,0.836,0.331,0.435,0.000,0.000,0.000,0.500,0.000,0.000,0.789,0.360,0.532,0.000,0.000,0.250,0.000,0.000,0.250
94,110,0.484,0.464,0.408,0.000,0.250,0.000,0.250,0.250,0.250,0.661,0.418,0.479,0.091,0.091,0.091,0.000,0.091,0.182
95,111,0.581,0.477,0.555,0.333,0.000,0.333,0.667,0.000,0.000,0.554,0.487,0.583,0.143,0.000,0.429,0.000,0.000,0.143
96,112,0.295,0.607,0.462,0.667,0.000,0.333,0.000,0.000,0.000,0.465,0.555,0.500,0.167,0.000,0.333,0.000,0.167,0.167
97,113,0.400,0.547,0.519,0.400,0.200,0.400,0.200,0.200,0.000,0.550,0.496,0.519,0.100,0.000,0.200,0.000,0.200,0.200
98,114,0.219,0.927,0.598,1.000,0.000,1.000,0.000,0.000,0.000,0.324,0.718,0.526,0.333,0.000,0.667,0.000,0.333,0.333
99,115,0.082,0.569,0.260,0.000,0.000,0.000,0.000,0.000,0.000,0.517,0.413,0.480,0.333,0.167,0.167,0.000,0.167,0.000
100,116,0.255,0.459,0.175,1.000,0.000,1.000,0.000,0.000,0.000,0.255,0.459,0.175,1.000,1.000,0.000,0.000,0.000,0.000
101,117,0.850,0.464,0.678,0.000,0.000,0.000,0.750,0.000,0.000,0.673,0.354,0.508,0.286,0.143,0.571,0.000,0.143,0.286
102,118,0.564,0.663,0.474,0.000,0.000,0.000,1.000,0.000,1.000,0.573,0.380,0.503,0.000,0.000,0.000,0.000,0.000,0.143
103,119,0.682,0.542,0.621,0.333,0.000,0.000,1.000,0.000,0.000,0.682,0.504,0.575,0.000,0.000,0.000,0.250,0.000,0.250
104,120,0.188,0.558,0.259,0.000,0.000,0.000,0.000,1.000,0.000,0.607,0.347,0.444,0.000,0.000,0.000,0.000,0.000,0.000
105,121,0.969,0.444,0.604,0.000,0.000,0.000,1.000,0.000,0.000,0.702,0.385,0.471,0.000,0.000,0.500,0.000,0.250,0.500
106,122,0.398,0.493,0.360,0.000,0.000,0.000,0.333,0.333,0.000,0.487,0.472,0.482,0.200,0.200,0.400,0.000,0.200,0.200
107,123,0.384,0.349,0.161,1.000,0.000,0.000,1.000,0.000,0.000,0.660,0.325,0.579,0.200,0.200,0.000,0.000,0.000,0.000
108,124,0.802,0.546,0.657,0.000,0.000,0.000,0.333,0.000,0.000,0.684,0.461,0.591,0.000,0.000,0.000,0.200,0.000,0.200
109,126,0.257,0.729,0.598,0.000,0.000,0.000,0.000,0.000,0.000,0.597,0.422,0.546,0.000,0.000,0.000,0.000,0.200,0.000
110,127,0.358,0.643,0.408,0.400,0.200,0.400,0.200,0.400,0.200,0.462,0.453,0.406,0.125,0.000,0.375,0.000,0.375,0.125
111,128,0.362,0.465,0.251,0.000,0.000,0.000,0.000,0.500,0.000,0.501,0.275,0.313,0.000,0.250,0.000,0.000,0.000,0.000
112,129,0.656,0.401,0.460,0.000,0.000,0.000,0.500,0.000,0.000,0.597,0.360,0.530,0.000,0.000,0.143,0.000,0.000,0.143
113,130,0.342,0.563,0.441,0.333,0.333,0.333,0.000,0.333,0.000,0.316,0.691,0.470,0.500,1.000,0.500,0.000,0.500,0.000
114,131,0.040,0.827,0.545,1.000,1.000,1.000,0.000,1.000,0.000,0.273,0.590,0.422,0.000,0.333,0.000,0.000,0.667,0.000
115,134,0.375,0.394,0.365,0.000,0.000,0.000,0.000,0.000,0.000,0.375,0.394,0.365,1.000,1.000,1.000,0.000,1.000,0.000
116,135,0.938,0.368,0.534,0.000,0.000,0.000,1.000,0.000,0.000,0.784,0.418,0.554,0.000,0.000,0.333,0.000,0.000,0.333
117,136,0.194,0.674,0.364,0.000,0.000,0.000,0.000,0.000,0.000,0.525,0.477,0.661,0.500,0.000,0.250,0.000,0.250,0.000
118,137,0.448,0.484,0.453,0.000,0.500,0.500,0.500,0.500,0.000,0.406,0.442,0.615,0.333,0.333,0.333,0.000,0.667,0.000
119,138,0.510,0.468,0.397,0.000,0.000,0.000,0.500,0.000,0.000,0.613,0.361,0.480,0.200,0.200,0.200,0.000,0.100,0.100
120,139,0.757,0.175,0.582,0.000,0.000,0.000,0.333,0.000,0.000,0.739,0.324,0.611,0.000,0.000,0.000,0.000,0.000,0.000
121,140,0.467,0.507,0.353,0.000,0.667,0.333,0.000,0.000,0.000,0.574,0.494,0.532,0.000,0.429,0.143,0.143,0.143,0.000
122,141,0.224,0.422,0.292,0.000,0.000,0.500,0.000,0.500,0.000,0.489,0.408,0.411,0.250,0.250,0.250,0.000,0.250,0.250
123,143,0.694,0.268,0.577,0.000,0.000,0.000,1.000,0.000,0.000,0.428,0.336,0.498,0.000,0.333,0.000,0.000,0.333,0.000
124,144,0.395,0.351,0.231,0.000,0.000,0.000,0.000,0.000,0.000,0.634,0.430,0.542,0.000,0.000,0.500,0.000,1.000,0.000
125,145,0.530,0.610,0.512,0.250,0.000,0.250,0.500,0.000,0.250,0.709,0.561,0.497,0.200,0.000,0.600,0.000,0.000,0.400
126,146,0.835,0.328,0.430,0.000,0.000,0.000,0.500,0.000,0.000,0.781,0.378,0.485,0.250,0.000,0.750,0.000,0.000,0.250
127,148,0.587,0.135,0.533,0.000,0.000,0.000,1.000,0.000,0.000,0.746,0.347,0.558,0.000,0.000,0.000,0.000,0.000,0.000
128,149,0.587,0.372,0.419,0.000,0.000,0.000,0.000,0.500,0.000,0.586,0.341,0.487,0.000,0.000,0.000,0.000,0.125,0.000
129,150,0.475,0.746,0.641,0.000,0.000,0.333,0.333,0.000,0.000,0.550,0.642,0.600,0.000,0.000,0.200,0.200,0.200,0.000
130,151,0.255,0.459,0.175,1.000,0.000,1.000,0.000,0.000,0.000,0.534,0.396,0.499,0.500,0.500,0.000,0.000,0.000,0.000
131,152,0.653,0.510,0.586,0.000,0.000,0.000,0.000,0.000,0.000,0.644,0.365,0.478,0.000,0.000,0.000,0.000,0.000,0.200
132,153,0.587,0.324,0.359,0.000,0.000,0.000,0.500,0.500,0.000,0.589,0.413,0.539,0.000,0.000,0.200,0.000,0.000,0.200
133,154,0.350,0.534,0.401,0.200,0.200,0.400,0.400,0.000,0.000,0.450,0.446,0.412,0.000,0.000,0.167,0.167,0.167,0.000
134,155,0.710,0.216,0.473,0.000,0.000,0.000,0.000,0.000,0.000,0.593,0.388,0.438,0.000,0.400,0.000,0.000,0.200,0.000
135,156,0.939,0.740,0.682,0.000,0.000,0.000,1.000,0.000,0.000,0.810,0.589,0.698,0.000,0.000,0.000,0.000,0.000,0.000
136,157,0.461,0.539,0.545,0.000,0.000,0.000,0.333,0.000,0.000,0.521,0.446,0.548,0.000,0.000,0.143,0.143,0.286,0.000
137,158,0.344,0.588,0.742,0.000,0.000,0.000,0.000,0.000,0.000,0.569,0.414,0.462,0.000,0.000,0.000,0.000,0.000,0.000
138,159,0.161,0.900,0.611,1.000,1.000,1.000,0.000,1.000,0.000,0.474,0.515,0.521,0.333,0.333,0.333,0.000,0.333,0.000
139,160,0.758,0.359,0.477,0.000,0.000,0.000,0.333,0.000,0.000,0.698,0.369,0.485,0.250,0.250,0.250,0.000,0.000,0.250
140,164,0.440,0.465,0.396,0.500,0.000,0.500,0.000,0.000,0.000,0.476,0.471,0.421,0.250,0.250,0.000,0.250,0.000,0.250
141,165,0.251,0.669,0.412,0.000,0.000,0.500,0.000,0.000,0.000,0.609,0.624,0.551,0.250,0.000,0.250,0.250,0.250,0.250
142,166,0.415,0.679,0.590,0.500,0.000,0.500,0.500,0.000,0.000,0.073,0.840,0.293,1.000,0.000,1.000,0.000,0.000,1.000
143,168,0.545,0.441,0.459,0.500,0.000,0.250,0.000,0.000,0.000,0.727,0.514,0.591,0.250,0.250,0.000,0.000,0.000,0.500
144,169,0.943,0.391,0.648,0.000,0.000,0.000,1.000,0.000,0.000,0.771,0.412,0.498,0.000,0.000,0.000,0.333,0.000,0.000
145,170,0.438,0.663,0.612,0.000,0.000,1.000,0.000,0.000,0.000,0.622,0.394,0.750,0.000,0.000,0.000,0.000,0.000,0.000
146,171,0.135,0.880,0.312,1.000,1.000,1.000,0.000,0.000,0.000,0.641,0.583,0.643,0.000,0.000,0.000,0.000,0.000,0.000
147,173,0.522,0.427,0.441,0.000,0.200,0.200,0.200,0.000,0.000,0.568,0.387,0.350,0.000,0.500,0.333,0.000,0.167,0.000
148,174,0.911,0.441,0.555,0.000,0.000,0.000,0.500,0.000,0.000,0.717,0.494,0.593,0.000,0.000,0.000,0.333,0.000,0.000
149,175,0.927,0.888,0.555,0.000,0.000,0.000,1.000,0.000,0.000,0.619,0.475,0.544,0.000,0.000,0.000,0.000,0.000,0.000
150,176,0.823,0.438,0.451,0.000,0.000,0.000,0.333,0.000,0.000,0.733,0.495,0.501,0.200,0.000,0.200,0.200,0.000,0.000
151,178,0.643,0.329,0.590,0.000,0.000,0.000,0.000,0.000,0.333,0.582,0.446,0.533,0.125,0.125,0.000,0.000,0.000,0.125
152,179,0.959,0.654,0.588,0.000,0.000,0.000,1.000,0.000,0.000,0.590,0.413,0.446,0.000,0.000,0.000,0.000,0.000,0.167
153,180,0.668,0.346,0.547,0.000,0.000,0.000,0.333,0.000,0.000,0.630,0.303,0.356,0.000,0.000,0.000,0.200,0.000,0.000
154,181,0.274,0.615,0.336,0.667,0.000,0.667,0.000,0.667,0.000,0.326,0.495,0.344,0.333,0.333,0.667,0.000,0.667,0.000
155,182,0.390,0.609,0.452,0.250,0.000,0.500,0.000,0.500,0.250,0.544,0.491,0.492,0.400,0.200,0.200,0.000,0.200,0.000
156,183,0.161,0.900,0.611,1.000,1.000,1.000,0.000,1.000,0.000,0.603,0.469,0.524,0.286,0.286,0.429,0.000,0.143,0.000
157,184,0.400,0.559,0.389,0.000,0.000,0.333,0.333,0.667,0.000,0.570,0.440,0.499,0.250,0.250,0.500,0.000,0.250,0.250
158,185,0.500,0.429,0.387,0.000,0.000,0.000,0.500,0.000,0.000,0.632,0.482,0.544,0.000,0.000,0.333,0.000,0.333,0.333
159,186,0.545,0.468,0.657,0.000,0.000,0.000,0.500,0.000,0.000,0.333,0.418,0.429,0.000,1.000,1.000,0.000,1.000,1.000
160,187,0.524,0.327,0.367,0.000,0.000,0.000,0.500,0.500,0.000,0.581,0.415,0.626,0.000,0.000,0.000,0.000,0.400,0.200
161,188,0.320,0.790,0.689,1.000,0.000,1.000,0.000,1.000,1.000,0.634,0.553,0.633,0.250,0.000,0.250,0.000,0.000,0.000
162,189,0.792,0.433,0.498,0.000,0.000,0.000,1.000,0.000,0.000,0.817,0.410,0.513,0.000,0.000,0.333,0.333,0.000,0.333
163,190,0.968,0.383,0.643,0.000,0.000,0.000,0.000,0.000,0.000,0.671,0.398,0.621,0.000,0.000,0.000,0.125,0.000,0.125
164,192,0.338,0.445,0.348,0.333,0.333,0.000,0.333,0.667,0.000,0.417,0.355,0.376,0.571,0.429,0.429,0.143,0.429,0.143
165,193,0.250,0.708,0.429,0.000,0.000,0.000,0.000,0.000,0.000,0.494,0.482,0.468,0.250,0.000,0.000,0.000,0.000,0.000
166,194,0.686,0.433,0.519,0.000,0.000,0.000,0.600,0.000,0.000,0.659,0.410,0.478,0.000,0.000,0.125,0.000,0.125,0.125
167,195,0.885,0.763,0.670,0.000,0.000,0.000,1.000,0.000,0.000,0.633,0.510,0.598,0.125,0.000,0.125,0.125,0.000,0.125
168,197,0.812,0.373,0.550,0.000,0.000,0.000,1.000,0.000,0.000,0.621,0.409,0.496,0.000,0.000,0.000,0.000,0.000,0.333
169,198,0.478,0.458,0.438,0.000,0.000,0.000,0.000,0.000,0.000,0.695,0.331,0.530,0.000,0.000,0.000,0.000,0.000,0.000
170,199,0.491,0.577,0.425,0.250,0.250,0.250,0.250,0.000,0.000,0.631,0.406,0.532,0.000,0.000,0.250,0.000,0.250,0.250
171,200,0.160,0.467,0.171,0.000,0.000,0.000,0.000,0.500,0.000,0.395,0.384,0.368,0.250,0.250,0.250,0.000,0.500,0.000
172,201,0.734,0.323,0.394,0.000,0.000,0.000,0.500,0.000,0.000,0.640,0.352,0.425,0.077,0.000,0.077,0.000,0.077,0.077
173,203,0.303,0.619,0.419,0.000,0.333,0.000,0.333,0.333,0.333,0.600,0.367,0.453,0.000,0.000,0.143,0.000,0.000,0.143
174,205,0.701,0.471,0.636,0.000,0.000,0.000,1.000,0.000,0.000,0.612,0.330,0.574,0.000,0.000,0.000,0.000,0.000,0.000
175,206,0.292,0.558,0.433,0.000,0.000,0.000,0.000,0.000,0.000,0.411,0.394,0.455,0.000,0.000,0.000,0.000,0.000,0.000
176,207,0.948,0.335,0.565,0.000,0.000,0.000,1.000,0.000,0.000,0.730,0.501,0.550,0.000,0.000,0.143,0.000,0.000,0.143
177,208,0.611,0.421,0.409,0.500,0.000,0.500,0.000,0.000,0.000,0.654,0.445,0.565,0.143,0.143,0.000,0.000,0.000,0.000
178,209,0.684,0.553,0.548,0.000,0.000,0.000,0.250,0.000,0.250,0.643,0.416,0.532,0.100,0.100,0.100,0.300,0.100,0.100
179,210,0.812,0.373,0.550,0.000,0.000,0.000,1.000,0.000,0.000,0.714,0.416,0.524,0.000,0.000,0.000,0.000,0.000,0.000
180,211,0.939,0.740,0.682,0.000,0.000,0.000,1.000,0.000,0.000,0.801,0.491,0.772,0.000,0.000,0.000,0.000,0.000,0.000
181,212,0.472,0.429,0.556,0.000,0.000,0.000,0.500,0.500,0.000,0.447,0.459,0.567,0.667,0.333,0.333,0.000,0.667,0.000
182,213,0.734,0.383,0.508,0.000,0.000,0.000,0.500,0.000,0.500,0.719,0.451,0.527,0.333,0.333,0.333,0.000,0.000,0.667
183,214,0.192,0.607,0.433,0.500,0.500,0.500,0.000,0.500,0.000,0.321,0.479,0.446,0.000,0.333,0.000,0.000,0.667,0.000
184,215,0.875,0.370,0.542,0.000,0.000,0.000,1.000,0.000,0.000,0.780,0.384,0.459,0.000,0.000,0.500,0.000,0.000,0.500
185,216,0.939,0.740,0.682,0.000,0.000,0.000,1.000,0.000,0.000,0.754,0.533,0.624,0.000,0.000,0.000,0.000,0.000,0.000
186,217,0.762,0.597,0.662,0.000,0.000,0.000,0.500,0.000,0.000,0.716,0.520,0.576,0.000,0.000,0.167,0.000,0.167,0.333
187,218,0.300,0.470,0.342,0.250,0.500,0.500,0.250,0.250,0.000,0.524,0.334,0.393,0.000,0.000,0.200,0.000,0.200,0.000
188,221,0.502,0.462,0.474,0.000,0.500,0.000,0.000,0.000,0.000,0.516,0.402,0.431,0.000,0.333,0.000,0.000,0.000,0.000
189,222,0.635,0.409,0.485,0.250,0.000,0.000,0.500,0.000,0.000,0.643,0.427,0.467,0.250,0.250,0.250,0.000,0.000,0.250
190,223,0.600,0.715,0.768,0.333,0.333,0.333,0.333,0.333,0.000,0.648,0.586,0.723,0.000,0.000,0.167,0.000,0.167,0.167
191,224,0.558,0.501,0.479,0.333,0.000,0.333,0.333,0.000,0.000,0.567,0.467,0.404,0.286,0.286,0.286,0.143,0.286,0.000
192,225,0.938,0.368,0.534,0.000,0.000,0.000,1.000,0.000,0.000,0.705,0.469,0.487,0.000,0.000,0.333,0.000,0.000,0.333
193,226,0.646,0.734,0.525,0.000,0.000,0.000,0.333,0.000,0.000,0.390,0.512,0.430,0.333,0.000,0.000,0.000,0.333,0.000
194,227,0.713,0.634,0.577,0.333,0.000,0.333,0.667,0.000,0.333,0.648,0.485,0.536,0.333,0.333,0.000,0.000,0.000,0.667
195,228,0.305,0.590,0.380,0.500,0.500,0.500,0.000,0.500,0.000,0.451,0.576,0.506,0.167,0.167,0.333,0.000,0.333,0.000
196,229,0.656,0.401,0.460,0.000,0.000,0.000,0.500,0.000,0.000,0.503,0.447,0.497,0.111,0.111,0.222,0.000,0.222,0.111
197,230,0.654,0.621,0.550,0.000,0.000,0.000,0.500,0.000,0.000,0.697,0.501,0.578,0.000,0.167,0.167,0.000,0.333,0.000
198,231,0.867,0.309,0.452,0.000,0.000,0.000,0.500,0.000,0.000,0.537,0.314,0.366,0.200,0.000,0.200,0.400,0.200,0.000
199,232,0.759,0.349,0.573,0.500,0.000,0.000,0.500,0.000,0.000,0.818,0.326,0.556,0.000,0.000,0.000,0.000,0.000,0.500
200,233,0.781,0.419,0.576,0.000,0.000,0.000,0.500,0.000,0.000,0.723,0.333,0.534,0.000,0.000,0.200,0.000,0.000,0.200
201,234,0.754,0.329,0.526,0.333,0.000,0.000,1.000,0.000,0.000,0.651,0.361,0.472,0.000,0.000,0.250,0.000,0.250,0.750
202,235,0.277,0.631,0.483,1.000,0.500,0.500,0.500,0.500,0.000,0.366,0.527,0.511,0.250,0.250,0.250,0.000,0.250,0.250
203,237,0.224,0.922,0.700,0.000,0.000,1.000,0.000,0.000,0.000,0.356,0.508,0.336,0.000,0.000,0.500,0.500,0.000,0.000
204,238,0.581,0.512,0.396,0.000,0.000,0.000,0.667,0.000,0.000,0.638,0.427,0.481,0.143,0.143,0.143,0.000,0.000,0.143
205,239,0.257,0.729,0.598,0.000,0.000,0.000,0.000,0.000,0.000,0.485,0.552,0.574,0.000,0.000,0.000,0.250,0.250,0.000
206,241,0.068,0.595,0.212,0.000,0.000,0.000,0.000,0.500,0.000,0.068,0.595,0.212,1.000,0.500,0.000,0.000,0.500,0.000
207,242,0.730,0.663,0.601,0.000,0.000,0.000,0.500,0.000,0.000,0.536,0.625,0.497,0.333,0.000,0.333,0.000,0.333,0.000
208,243,0.447,0.406,0.569,0.000,0.000,0.000,0.000,0.000,0.000,0.469,0.414,0.499,0.200,0.000,0.200,0.000,0.200,0.000
209,244,0.420,0.543,0.573,0.000,0.000,0.000,0.500,0.000,0.000,0.413,0.436,0.489,0.667,0.333,0.000,0.000,0.000,0.000
210,245,0.478,0.480,0.459,0.000,0.000,0.000,0.000,0.000,0.000,0.536,0.433,0.508,0.250,0.250,0.000,0.000,0.000,0.000
211,246,0.555,0.812,0.774,0.500,0.500,0.500,0.500,0.500,0.000,0.453,0.821,0.566,0.500,0.500,0.500,0.000,0.500,0.000
212,247,0.618,0.471,0.484,0.250,0.000,0.000,0.500,0.000,0.000,0.593,0.463,0.473,0.167,0.167,0.167,0.000,0.000,0.333
213,248,0.677,0.415,0.437,0.500,0.000,0.000,1.000,0.000,0.000,0.665,0.413,0.500,0.000,0.000,0.200,0.200,0.000,0.400
214,249,0.906,0.475,0.556,0.000,0.000,0.000,0.500,0.000,0.000,0.792,0.425,0.636,0.000,0.000,0.333,0.000,0.000,0.333
215,250,0.770,0.230,0.456,0.000,0.000,0.000,0.000,0.000,0.000,0.770,0.230,0.456,0.000,0.000,0.000,1.000,0.000,0.000
216,251,0.960,0.732,0.850,0.000,0.000,0.000,1.000,0.000,0.000,0.621,0.404,0.529,0.000,0.000,0.000,0.200,0.000,0.000
217,252,0.468,0.501,0.522,0.000,0.000,0.167,0.167,0.000,0.000,0.484,0.406,0.393,0.167,0.000,0.167,0.000,0.167,0.000
218,253,0.146,0.676,0.365,0.000,0.000,0.000,0.000,0.000,0.000,0.490,0.372,0.466,0.200,0.000,0.200,0.000,0.200,0.000
219,254,0.224,0.460,0.355,1.000,1.000,0.000,0.000,0.000,0.000,0.577,0.300,0.386,0.000,0.125,0.000,0.000,0.125,0.125
220,255,0.393,0.685,0.615,0.500,0.500,0.500,0.000,0.500,0.000,0.537,0.515,0.562,0.250,0.250,0.250,0.000,0.250,0.000
221,257,0.122,0.555,0.291,0.000,0.000,0.000,0.000,0.000,0.000,0.648,0.520,0.567,0.333,0.333,0.333,0.000,0.000,0.333
222,258,0.289,0.534,0.351,0.000,0.000,0.000,0.000,0.000,0.000,0.544,0.377,0.453,0.167,0.167,0.000,0.000,0.000,0.167
223,259,0.549,0.634,0.573,0.500,0.500,0.500,0.500,0.500,0.000,0.549,0.634,0.573,0.500,0.500,1.000,0.000,0.500,0.500
224,260,0.938,0.368,0.534,0.000,0.000,0.000,1.000,0.000,0.000,0.734,0.299,0.506,0.000,0.000,0.500,0.000,0.000,0.500
225,261,0.619,0.549,0.687,0.000,0.000,0.000,0.333,0.000,0.000,0.465,0.682,0.567,0.667,0.000,0.667,0.333,0.000,0.333
226,262,0.167,0.765,0.412,1.000,0.000,0.000,0.000,1.000,0.000,0.573,0.561,0.604,0.000,0.333,0.000,0.000,0.333,0.333
227,263,0.765,0.584,0.593,0.000,0.000,0.000,0.667,0.000,0.000,0.612,0.410,0.490,0.200,0.100,0.200,0.000,0.100,0.100
228,264,0.238,0.743,0.576,0.500,0.000,0.500,0.000,0.000,0.000,0.258,0.667,0.522,0.500,0.000,0.833,0.000,0.167,0.667
229,265,0.093,0.918,0.595,1.000,1.000,1.000,0.000,0.500,1.000,0.520,0.459,0.657,0.000,0.000,0.000,0.000,0.000,0.000
230,266,0.334,0.713,0.636,0.000,0.000,0.000,0.000,0.000,0.000,0.588,0.538,0.728,0.333,0.333,0.333,0.000,0.000,0.333
231,268,0.664,0.484,0.520,0.333,0.000,0.333,0.333,0.333,0.333,0.704,0.487,0.618,0.333,0.000,0.500,0.000,0.167,0.333
232,271,0.796,0.442,0.512,0.000,0.000,0.000,0.000,0.000,0.500,0.724,0.413,0.522,0.200,0.000,0.000,0.200,0.400,0.200
233,272,0.833,0.551,0.525,0.000,0.000,0.000,0.000,0.000,1.000,0.693,0.443,0.469,0.000,0.000,0.000,0.000,0.000,0.333
234,273,0.412,0.473,0.495,0.000,0.000,0.000,0.500,0.000,0.000,0.526,0.459,0.467,0.333,0.000,0.333,0.000,0.333,0.000
235,274,0.938,0.368,0.534,0.000,0.000,0.000,1.000,0.000,0.000,0.721,0.476,0.400,0.333,0.333,0.667,0.000,0.000,0.667
236,275,0.338,0.444,0.324,0.400,0.200,0.200,0.200,0.400,0.000,0.506,0.453,0.481,0.444,0.444,0.222,0.000,0.222,0.000
237,276,0.161,0.900,0.611,1.000,1.000,1.000,0.000,1.000,0.000,0.161,0.900,0.611,1.000,1.000,1.000,0.000,1.000,0.000
238,277,0.494,0.649,0.537,0.250,0.000,0.250,0.250,0.000,0.250,0.557,0.497,0.552,0.200,0.200,0.100,0.100,0.100,0.100
239,278,0.334,0.713,0.636,0.000,0.000,0.000,0.000,0.000,0.000,0.513,0.383,0.524,0.333,0.333,0.333,0.000,0.000,0.167
240,280,0.880,0.673,0.676,0.000,0.000,0.000,0.000,0.000,0.000,0.650,0.481,0.664,0.500,0.000,0.000,0.500,0.500,0.000
241,281,0.275,0.635,0.459,0.500,0.500,0.500,0.000,0.500,0.000,0.446,0.563,0.439,0.333,0.333,0.667,0.000,0.333,0.333
242,283,0.906,0.413,0.573,0.000,0.000,0.000,0.000,0.000,0.000,0.743,0.395,0.498,0.000,0.000,0.000,0.000,0.000,0.000
243,284,0.889,0.497,0.532,0.000,0.000,0.000,0.333,0.000,0.333,0.803,0.427,0.546,0.000,0.000,0.000,0.200,0.000,0.200
244,285,0.233,0.459,0.210,0.500,0.000,0.000,0.500,0.000,0.000,0.573,0.437,0.409,0.182,0.182,0.091,0.000,0.000,0.091
245,286,0.198,0.204,0.367,0.000,0.000,0.000,0.000,1.000,0.000,0.450,0.390,0.429,0.333,0.333,0.333,0.333,0.333,0.000
246,287,0.859,0.275,0.538,0.000,0.000,0.000,0.500,0.000,0.000,0.894,0.379,0.621,0.000,0.000,0.500,0.000,0.000,0.500
247,288,0.448,0.410,0.503,0.000,0.000,0.500,0.500,0.500,0.000,0.073,0.410,0.200,1.000,1.000,1.000,0.000,1.000,0.000
248,289,0.597,0.548,0.566,0.000,0.000,0.000,0.500,0.000,0.000,0.591,0.445,0.469,0.000,0.000,0.125,0.000,0.125,0.125
249,290,0.608,0.560,0.493,0.000,0.000,0.000,0.500,0.000,0.167,0.639,0.573,0.500,0.333,0.167,0.333,0.333,0.333,0.167
250,292,0.219,0.927,0.598,1.000,0.000,1.000,0.000,0.000,0.000,0.219,0.927,0.598,1.000,0.000,1.000,0.000,0.000,0.000
251,293,0.901,0.462,0.689,0.000,0.000,0.000,1.000,0.000,0.000,0.745,0.450,0.590,0.000,0.000,0.000,0.000,0.000,0.200
