Id_block,Mots,valence,arousal,dominance,anger,disgust,fear,joy,sadness,surprise
0,Kriz,0.4513221945312947,0.3287429663041927,0.5504292388840927,1,0,0,0,0,0
0,Herr,0.578708951845571,0.408435494808788,0.6274639965966486,0,0,0,0,0,0
0,Freundlich,0.7177051253407628,0.3496436448608154,0.4226400745372364,0,0,0,1,0,0
0,kumme,0.5077636222456227,0.4247459181933735,0.4697888562405837,0,0,0,0,0,0
0,Vater,0.8024733948546023,0.3443872702128585,0.7925175470585678,0,0,0,0,0,0
0,guete,0.8496361744517235,0.4974327231143904,0.6809413474879623,0,0,0,1,0,0
0,Meinung,0.6587610783670992,0.3370812970690128,0.5648516272739867,0,0,0,0,0,0
0,süfere,0.7357928813855046,0.3468789811407178,0.5248465435633982,0,0,0,0,0,0
0,gän,0.5311555130794368,0.379209400082775,0.6433193632821606,0,0,0,0,0,0
0,böes,0.1610501832179356,0.6762431795778725,0.4450228033017753,1,1,1,0,1,0
1,Rhümatisse,0.219,0.472,0.418,0,0,0,0,1,0
1,Rand,0.4742710443119653,0.3720508889046308,0.3837113066085363,0.0,0.0,0.234,0.0,0.0,0.0
1,Band,0.5117547385590506,0.3904028754427047,0.4598365345281992,0,0,0,0,0,0
1,Jesses,0.8000000000000002,0.4000000000000001,0.62,0,0,0,1,0,0
2,Ja,0.731982479119855,0.6402102505617395,0.4381250409322417,0,0,0,1,0,0
2,satt,0.6566453679504511,0.5905904562773836,0.7466200196348174,0,0,0,0,0,0
2,uff,0.714,0.441,0.657,0,0,0,1,0,0
2,Wihnachte,0.9120191222366786,0.6474239951085886,0.6506551529966844,0,0,0,1,0,0
2,lon,0.2778176887927389,0.4746692635370985,0.3003378041080027,0,0,1,0,1,0
2,Rhümatisse,0.219,0.472,0.418,0,0,0,0,1,0
3,Hüs,0.6701485966188446,0.2761480525313476,0.5537241657527012,0,0,0,1,0,0
3,allewyl,0.6185883572349138,0.4931147079616885,0.5466996689288072,0,0,0,0,0,0
4,Herr,0.578708951845571,0.408435494808788,0.6274639965966486,0,0,0,0,0,0
5,Fränz,0.4743506503545591,0.3800286271180814,0.3836067057219087,0,0,0,0,0,0
5,wunderlichi,0.6156919151728825,0.7041787364103106,0.5720856890118656,0,0,0,1,0,0
5,Hüs,0.6701485966188446,0.2761480525313476,0.5537241657527012,0,0,0,1,0,0
5,perfekt,0.98,0.471,0.87,0.0,0.0,0.0,0.719,0.0,0.0
5,hin,0.1342249255858618,0.5430924605328892,0.2928683012496821,0,0,0,0,1,0
5,Pfund,0.57,0.337,0.443,0,0,0,0,0,0
5,gemacht,0.683,0.333,0.618,0,0,0,0,0,0
5,uff,0.714,0.441,0.657,0,0,0,1,0,0
6,fin,0.6871680515347233,0.4494776331589452,0.5257666853867039,0,0,0,1,0,0
6,speele,0.6460709338525759,0.6919089359073894,0.5152858817897907,0,0,0,0,0,0
6,Fränz,0.4743506503545591,0.3800286271180814,0.3836067057219087,0,0,0,0,0,0
6,Hüs,0.6701485966188446,0.2761480525313476,0.5537241657527012,0,0,0,1,0,0
6,verdorwe,0.1303478492207716,0.6463868407618831,0.3445780162780463,1,1,1,0,1,0
6,allewyl,0.6185883572349138,0.4931147079616885,0.5466996689288072,0,0,0,0,0,0
7,Mänung,0.6587610783670992,0.3370812970690128,0.5648516272739867,0,0,0,0,0,0
8,satt,0.6566453679504511,0.5905904562773836,0.7466200196348174,0,0,0,0,0,0
8,Hüs,0.6701485966188446,0.2761480525313476,0.5537241657527012,0,0,0,1,0,0
8,recht,0.6400876506878803,0.4089874388986209,0.6300150314500853,0,0,0,0,0,0
9,gän,0.5311555130794368,0.379209400082775,0.6433193632821606,0,0,0,0,0,0
9,recht,0.6400876506878803,0.4089874388986209,0.6300150314500853,0,0,0,0,0,0
9,Hüs,0.6701485966188446,0.2761480525313476,0.5537241657527012,0,0,0,1,0,0
9,apparti,0.655738797022804,0.3353337661856304,0.5707557035043621,0,0,0,0,0,0
9,allewyl,0.6185883572349138,0.4931147079616885,0.5466996689288072,0,0,0,0,0,0
9,Mül,0.734,0.294,0.336,0,0,0,0,0,0
9,Gott,0.758,0.518,0.886,0,0,0,1,0,0
9,Chance,0.7313121035029704,0.6161739823203446,0.7608008032784348,0,0,0,0,0,0
9,Herr,0.578708951845571,0.408435494808788,0.6274639965966486,0,0,0,0,0,0
9,kumme,0.5077636222456227,0.4247459181933735,0.4697888562405837,0,0,0,0,0,0
10,Vater,0.8024733948546023,0.3443872702128585,0.7925175470585678,0,0,0,0,0,0
10,uff,0.714,0.441,0.657,0,0,0,1,0,0
11,Hoor,0.4943528544220953,0.3883591483470008,0.3388204258264995,0,0,0,0,0,0
12,Verstande,0.7543062608133073,0.3721223486062517,0.6101052771545744,0,0,0,1,0,0
12,guet,0.8496361744517235,0.4974327231143904,0.6809413474879623,0,0,0,1,0,0
13,Richtum,0.8374991266101928,0.6444728012877678,0.8251592438306846,0.0,0.0,0.0,0.410005621266622,0.0,0.0
13,dumm,0.2504457992195376,0.4047137068345491,0.1975361692273941,0,0,0,1,0,0
13,grad,0.6993651460488204,0.3954513279714086,0.6519229691474666,0,0,0,0,0,0
13,saöt,0.6566453679504511,0.5905904562773836,0.7466200196348174,0,0,0,0,0,0
13,dummer,0.2504457992195376,0.4047137068345491,0.1975361692273941,0,0,0,1,0,0
13,Herr,0.578708951845571,0.408435494808788,0.6274639965966486,0,0,0,0,0,0
13,Hüs,0.6701485966188446,0.2761480525313476,0.5537241657527012,0,0,0,1,0,0
13,guet,0.8496361744517235,0.4974327231143904,0.6809413474879623,0,0,0,1,0,0
13,Simpel,0.2793087470389632,0.4252468642182204,0.2351291544543048,0,0,0,1,0,0
13,Mann,0.6823910126043574,0.4558851289245935,0.6389380917951913,0,0,0,0,0,0
14,mine,0.7174614274296905,0.4855792551331206,0.6835986364388508,0,0,0,0,0,0
14,Mueter,0.8333214930903253,0.4078610643640434,0.6037968922019624,0,0,0,0,0,0
14,lang,0.5280080824659347,0.445728829830827,0.5409882638697031,0,0,0,0,0,0
14,Wort,0.388,0.62,0.526,0,0,0,0,0,0
14,Reih,0.4814745923985207,0.2826743192921647,0.4715898476360272,0,0,0,0,0,0
14,Vater,0.8024733948546023,0.3443872702128585,0.7925175470585678,0,0,0,0,0,0
15,Fall,0.469,0.627,0.527,0,0,0,0,0,0
15,Gott,0.758,0.518,0.886,0,0,0,1,0,0
15,Vater,0.8024733948546023,0.3443872702128585,0.7925175470585678,0,0,0,0,0,0
15,grad,0.6993651460488204,0.3954513279714086,0.6519229691474666,0,0,0,0,0,0
15,recht,0.6400876506878803,0.4089874388986209,0.6300150314500853,0,0,0,0,0,0
16,gläub,0.8294008769580371,0.3561173479361921,0.7427254757342471,0,0,0,0,0,0
16,G'setzer,0.6574979868162065,0.501188814063513,0.8022655938548933,0,0,0,0,0,0
16,Ja,0.731982479119855,0.6402102505617395,0.4381250409322417,0,0,0,1,0,0
16,beditte,0.4678548506785928,0.4097978012282987,0.6174209255819276,0,0,0,0,0,0
16,Vater,0.8024733948546023,0.3443872702128585,0.7925175470585678,0,0,0,0,0,0
16,Opposition,0.135,0.729,0.592,0.469,0.0,0.0,0.0,0.0,0.0
16,Fameli,0.9073537505398426,0.3805624497805403,0.6257421444462253,0,0,0,1,0,0
16,Rhümatisse,0.219,0.472,0.418,0,0,0,0,1,0
17,scheene,0.7289983277978773,0.453316804682258,0.5549619459797869,0,0,0,0,0,0
18,Hüs,0.6701485966188446,0.2761480525313476,0.5537241657527012,0,0,0,1,0,0
18,kumme,0.5077636222456227,0.4247459181933735,0.4697888562405837,0,0,0,0,0,0
18,guet,0.8496361744517235,0.4974327231143904,0.6809413474879623,0,0,0,1,0,0
18,gelade,0.266,0.662,0.596,0,0,1,0,1,0
18,Ratte,0.3776976339312798,0.5145709902234228,0.3249053463687695,0,1,0,0,0,0
18,scheesse,0.1057807185880716,0.9189468763131916,0.6321616332819899,1,0,1,0,0,0
18,hol,0.2926402763357111,0.4052743559505624,0.2479680081403359,0,0,0,1,0,0
18,schees,0.1057807185880716,0.9189468763131916,0.6321616332819899,1,0,1,0,0,0
18,Plän,0.6733863402152597,0.5129603223191107,0.7745995041244451,0,0,0,0,0,0
19,Madame,0.6272043223299923,0.4509780495063294,0.5779644112244342,0,0,0,0,0,0
19,speele,0.6460709338525759,0.6919089359073894,0.5152858817897907,0,0,0,0,0,0
19,trette,0.327,0.802,0.51,1,0,0,0,0,0
19,wart,0.5037982132484474,0.4547665950249551,0.4973560580946268,0,0,0,0,0,0
19,scheeni,0.7289983277978773,0.453316804682258,0.5549619459797869,0,0,0,0,0,0
19,Töchter,0.8015311659203683,0.4596244203361964,0.4456991918508667,0,0,0,1,0,0
19,Vater,0.8024733948546023,0.3443872702128585,0.7925175470585678,0,0,0,0,0,0
20,Guete,0.8496361744517235,0.4974327231143904,0.6809413474879623,0,0,0,1,0,0
20,Morje,0.595224134951048,0.381812331833792,0.4085490003101959,0,0,0,0,0,0
20,binand,0.8004800063959763,0.426066672788339,0.663059782853281,0,0,0,0,0,0
20,Rhümatisse,0.219,0.472,0.418,0,0,0,0,1,0
21,gän,0.5311555130794368,0.379209400082775,0.6433193632821606,0,0,0,0,0,0
22,Simpel,0.2793087470389632,0.4252468642182204,0.2351291544543048,0,0,0,1,0,0
22,bekumme,0.6634883033052841,0.5250221118211815,0.6400411110603296,0,0,0,0,0,0
22,Ja,0.731982479119855,0.6402102505617395,0.4381250409322417,0,0,0,1,0,0
22,wohr,0.8235551257078202,0.4120878812309737,0.7469588919461928,0,0,0,0,0,0
22,Herr,0.578708951845571,0.408435494808788,0.6274639965966486,0,0,0,0,0,0
22,Mann,0.6823910126043574,0.4558851289245935,0.6389380917951913,0,0,0,0,0,0
23,mine,0.7174614274296905,0.4855792551331206,0.6835986364388508,0,0,0,0,0,0
23,uff,0.714,0.441,0.657,0,0,0,1,0,0
23,Herz,0.8062221719545464,0.4538664755524821,0.700311722410761,0,0,0,1,0,0
23,Herr,0.578708951845571,0.408435494808788,0.6274639965966486,0,0,0,0,0,0
23,allewyl,0.6185883572349138,0.4931147079616885,0.5466996689288072,0,0,0,0,0,0
23,Regeerung,0.5149067810805691,0.4329838464282705,0.8013074203843238,0,0,0,0,0,0
23,Aktie,0.6810235654517135,0.3923465291817093,0.7825511241191909,0,0,0,0,0,0
24,mein,0.7174614274296905,0.4855792551331206,0.6835986364388508,0,0,0,0,0,0
24,Mann,0.6823910126043574,0.4558851289245935,0.6389380917951913,0,0,0,0,0,0
24,uff,0.714,0.441,0.657,0,0,0,1,0,0
24,Ja,0.731982479119855,0.6402102505617395,0.4381250409322417,0,0,0,1,0,0
24,wohr,0.8235551257078202,0.4120878812309737,0.7469588919461928,0,0,0,0,0,0
24,verdeene,0.8812309084894249,0.6944040378949028,0.8690788940891675,0,0,0,1,0,0
25,adje,0.1787619194417025,0.5051470774241488,0.4958664864964092,0,0,0,0,0,0
25,bienand,0.8004800063959763,0.426066672788339,0.663059782853281,0,0,0,0,0,0
25,Fränz,0.4743506503545591,0.3800286271180814,0.3836067057219087,0,0,0,0,0,0
25,gän,0.5311555130794368,0.379209400082775,0.6433193632821606,0,0,0,0,0,0
25,wunderfitzi,0.2971885015316475,0.649968171535851,0.3913285358868205,0,0,0,0,0,0
26,Vater,0.8024733948546023,0.3443872702128585,0.7925175470585678,0,0,0,0,0,0
26,Herr,0.578708951845571,0.408435494808788,0.6274639965966486,0,0,0,0,0,0
27,Herr,0.578708951845571,0.408435494808788,0.6274639965966486,0,0,0,0,0,0
28,bitte,0.292,0.608,0.328,0,0,0,0,0,0
28,wichtigen,0.827,0.63,0.8360000000000001,0,0,0,0,0,0
29,Wunsche,0.7294780670784538,0.5478664818448483,0.6793957329595822,0,0,0,0,1,0
29,gemäss,0.542,0.265,0.578,0,0,0,0,0,0
29,höchster,0.771,0.64,0.71,0,0,0,1,0,0
29,Stelle,0.5679669229177663,0.3622952822170907,0.5242673673171291,0,0,0,0,0,0
29,Fränz,0.4743506503545591,0.3800286271180814,0.3836067057219087,0,0,0,0,0,0
29,äufmerksam,0.704112840268842,0.4530421208329654,0.6902190248159555,0,0,0,0,0,0
29,gemacht,0.683,0.333,0.618,0,0,0,0,0,0
29,treuer,0.8473011123002089,0.4576814297158384,0.7081378888165348,0,0,0,0,0,0
29,Häus,0.6701485966188446,0.2761480525313476,0.5537241657527012,0,0,0,1,0,0
30,lebhafte,0.6987127312227278,0.7307132671999994,0.6976999918531274,0,0,0,0,0,0
30,gemacht,0.683,0.333,0.618,0,0,0,0,0,0
31,garanteer-i,0.7359674270086293,0.4223725944629299,0.7277144952701101,0,0,0,0,0,0
31,Kriz,0.4513221945312947,0.3287429663041927,0.5504292388840927,1,0,0,0,0,0
31,Hüs,0.6701485966188446,0.2761480525313476,0.5537241657527012,0,0,0,1,0,0
32,wichtigen,0.827,0.63,0.8360000000000001,0,0,0,0,0,0
32,Opposition,0.135,0.729,0.592,0.469,0.0,0.0,0.0,0.0,0.0
32,bekumme,0.6634883033052841,0.5250221118211815,0.6400411110603296,0,0,0,0,0,0
33,Ja,0.731982479119855,0.6402102505617395,0.4381250409322417,0,0,0,1,0,0
33,gän,0.5311555130794368,0.379209400082775,0.6433193632821606,0,0,0,0,0,0
33,Angst,0.2166713824235038,0.7438871000942455,0.3580124528480291,0,0,1,0,0,0
33,Opposition,0.135,0.729,0.592,0.469,0.0,0.0,0.0,0.0,0.0
33,Dreck,0.2031224196019373,0.5030899649161708,0.285451297088684,0,1,0,0,0,0
33,gemacht,0.683,0.333,0.618,0,0,0,0,0,0
34,mine,0.7174614274296905,0.4855792551331206,0.6835986364388508,0,0,0,0,0,0
34,Rhümatisse,0.219,0.472,0.418,0,0,0,0,1,0
34,recht,0.6400876506878803,0.4089874388986209,0.6300150314500853,0,0,0,0,0,0
35,allewyl,0.6185883572349138,0.4931147079616885,0.5466996689288072,0,0,0,0,0,0
35,Regeerung,0.5149067810805691,0.4329838464282705,0.8013074203843238,0,0,0,0,0,0
35,wohr,0.8235551257078202,0.4120878812309737,0.7469588919461928,0,0,0,0,0,0
35,Richti,0.7997621061227346,0.380252573270382,0.741456901687436,0,0,0,0,0,0
36,alte,0.5204651732216539,0.2937803896428515,0.4960055632332141,0,0,0,0,0,0
36,fette,0.3222553263395115,0.4000158456869621,0.3122210819586394,0,1,0,0,0,0
36,bekumme,0.6634883033052841,0.5250221118211815,0.6400411110603296,0,0,0,0,0,0
36,Herre,0.578708951845571,0.408435494808788,0.6274639965966486,0,0,0,0,0,0
37,kumm,0.5077636222456227,0.4247459181933735,0.4697888562405837,0,0,0,0,0,0
37,vergasse,0.2733659897646198,0.3446951970086845,0.2037784030892053,0,0,0,0,1,0
37,Herr,0.578708951845571,0.408435494808788,0.6274639965966486,0,0,0,0,0,0
37,Freundlich,0.7177051253407628,0.3496436448608154,0.4226400745372364,0,0,0,1,0,0
37,scheeni,0.7289983277978773,0.453316804682258,0.5549619459797869,0,0,0,0,0,0
37,gän,0.5311555130794368,0.379209400082775,0.6433193632821606,0,0,0,0,0,0
37,Vater,0.8024733948546023,0.3443872702128585,0.7925175470585678,0,0,0,0,0,0
38,Flint,0.2555825286720349,0.9030436949881224,0.7228348844692725,0,0,1,0,0,0
38,Henkereij,0.2004860743943164,0.8416749934383744,0.6250709146550281,1,0,1,0,1,0
38,Ja,0.731982479119855,0.6402102505617395,0.4381250409322417,0,0,0,1,0,0
39,Schwarzer,0.3093252502169902,0.4397719370354602,0.356958375770949,0,0,0,0,0,0
39,wohr,0.8235551257078202,0.4120878812309737,0.7469588919461928,0,0,0,0,0,0
39,vergasse,0.2733659897646198,0.3446951970086845,0.2037784030892053,0,0,0,0,1,0
39,Sehn,0.6966559674896479,0.352506754720856,0.5539071429655887,0,0,0,0,0,0
40,Herr,0.578708951845571,0.408435494808788,0.6274639965966486,0,0,0,0,0,0
40,Freundlich,0.7177051253407628,0.3496436448608154,0.4226400745372364,0,0,0,1,0,0
40,guet,0.8496361744517235,0.4974327231143904,0.6809413474879623,0,0,0,1,0,0
40,gueti,0.8496361744517235,0.4974327231143904,0.6809413474879623,0,0,0,1,0,0
40,recht,0.6400876506878803,0.4089874388986209,0.6300150314500853,0,0,0,0,0,0
40,kumme,0.5077636222456227,0.4247459181933735,0.4697888562405837,0,0,0,0,0,0
41,Ja,0.731982479119855,0.6402102505617395,0.4381250409322417,0,0,0,1,0,0
41,gut,0.8496361744517235,0.4974327231143904,0.6809413474879623,0,0,0,1,0,0
41,Herr,0.578708951845571,0.408435494808788,0.6274639965966486,0,0,0,0,0,0
41,wichtigen,0.827,0.63,0.8360000000000001,0,0,0,0,0,0
41,Töchter,0.8015311659203683,0.4596244203361964,0.4456991918508667,0,0,0,1,0,0
42,mein,0.7174614274296905,0.4855792551331206,0.6835986364388508,0,0,0,0,0,0
42,Lexikon,0.5920581081637365,0.3508749654427818,0.6060510535799403,0.0,0.0,0.0,0.0,0.0,0.0
42,meine,0.7174614274296905,0.4855792551331206,0.6835986364388508,0,0,0,0,0,0
42,liebe,0.8992415329792003,0.5128132206920198,0.6884765652666166,0,0,0,1,0,0
42,Jugend,0.938,0.608,0.736,0,0,0,0,0,0
42,verträumt,0.7151722350887273,0.392208044536189,0.455393771115164,0,0,0,0,0,1
42,glücklicher,0.99,0.76,0.806,0,0,0,1,0,0
42,Zufall,0.5543382190806857,0.4897667454615959,0.4521008218064979,0,0,0,0,0,0
42,stiller,0.5843859837527715,0.2204693930016622,0.3722729864020823,0,0,0,0,0,0
42,bescheidener,0.76,0.13,0.412,0,0,0,0,0,0
42,einfacher,0.6363768365508712,0.2218092095515824,0.4644757325212782,0,0,0,0,0,0
42,schlecht,0.1175853478638209,0.5514232581276504,0.2135308157422666,0,0,0,0,0,0
42,recht,0.6400876506878803,0.4089874388986209,0.6300150314500853,0,0,0,0,0,0
42,unberührt,0.5704584305773869,0.3130285197217403,0.5319067894642427,0.0,0.0,0.0,0.0,0.0,0.0
42,Gefühle,0.6990732611003685,0.5108385280195794,0.5531888106587908,0,0,0,0,0,1
42,sehr,0.4774057457928527,0.6834468849599848,0.6094382946126706,0.4374425836602892,0.5459631820353186,0.7464169894654227,0.0,0.6438633914999808,0.0
42,erhaben,0.7368248609225437,0.8462761870317387,0.7127672250498699,0,0,0,1,0,1
42,Duft,0.6797758204267216,0.417664992430836,0.4667025264672572,0,0,0,0,0,0
42,Gewalt,0.7045686818621478,0.6606900796981651,0.8679000566292808,0,0,0,1,0,1
42,Gedicht,0.7982175649945338,0.3712117962886895,0.4845326510829199,0,0,0,0,0,0
43,meine,0.7174614274296905,0.4855792551331206,0.6835986364388508,0,0,0,0,0,0
43,kräftigen,0.5674568689980334,0.6518810319018872,0.7636103655328471,0,0,0,0,0,0
43,gerade,0.6993651460488204,0.3954513279714086,0.6519229691474666,0,0,0,0,0,0
43,frei,0.7149580214610078,0.4380280026097572,0.5659472043412097,0,0,0,1,0,0
43,ehrlicher,0.7974471091024361,0.3344608148068405,0.6877330536485075,0,0,0,0,0,0
43,Glück,0.7670238935268203,0.5182458914540878,0.5645173712253149,0,0,0,0,0,1
43,Freude,0.8651395651417643,0.6943132135558329,0.655175135841269,0,0,0,1,0,0
43,mein,0.7174614274296905,0.4855792551331206,0.6835986364388508,0,0,0,0,0,0
43,kommen,0.5077636222456227,0.4247459181933735,0.4697888562405837,0,0,0,0,0,0
44,Freiheit,0.9526054003682748,0.5625100318422702,0.8685087943680958,0,0,0,1,0,0
44,Fräulein,0.5348173046139476,0.4984850434191227,0.3835090792220775,0.0,0.0,0.0,0.0,0.379,0.0
44,Blumen,0.8081046471182383,0.2629838713968695,0.3731807962494631,0,0,0,1,0,0
44,Verehrung,0.7816076931824755,0.6125603137906502,0.7223999128359305,0.0,0.0,0.0,0.0,0.0,0.0
44,Bitte,0.292,0.608,0.328,0,0,0,0,0,0
44,sehr,0.4774057457928527,0.6834468849599848,0.6094382946126706,0.4374425836602892,0.5459631820353186,0.7464169894654227,0.0,0.6438633914999808,0.0
45,schöner,0.762431221612974,0.4951955974553775,0.5870796596812785,0,0,0,1,0,0
45,Gedicht,0.7982175649945338,0.3712117962886895,0.4845326510829199,0,0,0,0,0,0
45,meiner,0.7174614274296905,0.4855792551331206,0.6835986364388508,0,0,0,0,0,0
45,Ankunft,0.7211739839701311,0.479900138507195,0.5341771522074549,0.0,0.0,0.0,0.0,0.0,0.0
45,grad,0.6993651460488204,0.3954513279714086,0.6519229691474666,0,0,0,0,0,0
45,fette,0.3222553263395115,0.4000158456869621,0.3122210819586394,0,1,0,0,0,0
45,uff,0.714,0.441,0.657,0,0,0,1,0,0
45,Fräulein,0.5348173046139476,0.4984850434191227,0.3835090792220775,0.0,0.0,0.0,0.0,0.379,0.0
45,schöne,0.762431221612974,0.4951955974553775,0.5870796596812785,0,0,0,1,0,0
45,vielleicht,0.4740661006579401,0.3300618280273141,0.3824074327530027,0,0,0,0,0,0
46,schwärme,0.3976539148453875,0.6007164249334068,0.4201142157097943,0,0,0,0,0,0
46,Fräulein,0.5348173046139476,0.4984850434191227,0.3835090792220775,0.0,0.0,0.0,0.0,0.379,0.0
47,Herr,0.578708951845571,0.408435494808788,0.6274639965966486,0,0,0,0,0,0
47,Vater,0.8024733948546023,0.3443872702128585,0.7925175470585678,0,0,0,0,0,0
47,einverstanden,0.8212182004711583,0.4464664087163619,0.5724606212808233,0,0,0,0,0,0
47,vergehe,0.2319709250777845,0.547879127327498,0.2936224959912066,0.0,0.0,0.7111437369836965,0.0,0.8232223708402081,0.0
47,Erwartung,0.5037982132484474,0.4547665950249551,0.4973560580946268,0,0,0,0,0,0
47,schöne,0.762431221612974,0.4951955974553775,0.5870796596812785,0,0,0,1,0,0
47,verlegen,0.229,0.461,0.191,0,0,0,0,0,0
47,Ja,0.731982479119855,0.6402102505617395,0.4381250409322417,0,0,0,1,0,0
48,Vater,0.8024733948546023,0.3443872702128585,0.7925175470585678,0,0,0,0,0,0
48,Ja,0.731982479119855,0.6402102505617395,0.4381250409322417,0,0,0,1,0,0
48,miner,0.7174614274296905,0.4855792551331206,0.6835986364388508,0,0,0,0,0,0
48,kumme,0.5077636222456227,0.4247459181933735,0.4697888562405837,0,0,0,0,0,0
48,grad,0.6993651460488204,0.3954513279714086,0.6519229691474666,0,0,0,0,0,0
48,böes,0.1610501832179356,0.6762431795778725,0.4450228033017753,1,1,1,0,1,0
49,Ja,0.731982479119855,0.6402102505617395,0.4381250409322417,0,0,0,1,0,0
49,scheen,0.7289983277978773,0.453316804682258,0.5549619459797869,0,0,0,0,0,0
49,ankumme,0.7493235932516958,0.4614794246185704,0.5539642484327365,0,0,0,0,0,0
49,Moor,0.071,0.808,0.309,0.578,0.703,0.0,0.0,0.0,0.0
50,meiner,0.7174614274296905,0.4855792551331206,0.6835986364388508,0,0,0,0,0,0
50,Meine,0.7174614274296905,0.4855792551331206,0.6835986364388508,0,0,0,0,0,0
50,kritisch,0.1796487891420215,0.580789264126328,0.5835330928503752,0,0,0,0,0,0
50,glauben,0.8294008769580371,0.3561173479361921,0.7427254757342471,0,0,0,0,0,0
50,Vater,0.8024733948546023,0.3443872702128585,0.7925175470585678,0,0,0,0,0,0
50,gut,0.8496361744517235,0.4974327231143904,0.6809413474879623,0,0,0,1,0,0
50,empfangen,0.6319285122109455,0.4789891530679566,0.5987438404306781,0,0,0,0,0,0
50,riskeere,0.677,0.788,0.684,0,0,0,0,0,0
51,einladend,0.938,0.571,0.538,0.0,0.0,0.0,0.5,0.0,0.289
51,nichts,0.204,0.08,0.161,0,0,0,0,1,0
51,anderes,0.505064018440524,0.4202194642096385,0.487991722933791,0,0,0,0,0,0
51,Jesses,0.8000000000000002,0.4000000000000001,0.62,0,0,0,1,0,0
51,Vater,0.8024733948546023,0.3443872702128585,0.7925175470585678,0,0,0,0,0,0
51,schnell,0.711452961709516,0.7425271751862236,0.6890049728025679,0,0,0,0,0,0
51,verlore,0.188,0.558,0.259,0,0,0,0,0,0
51,Herr,0.578708951845571,0.408435494808788,0.6274639965966486,0,0,0,0,0,0
51,kumme,0.5077636222456227,0.4247459181933735,0.4697888562405837,0,0,0,0,0,0
52,Tat,0.5466356538533792,0.3370267620328144,0.596955413764864,0,0,0,0,0,0
52,sehr,0.4774057457928527,0.6834468849599848,0.6094382946126706,0.4374425836602892,0.5459631820353186,0.7464169894654227,0.0,0.6438633914999808,0.0
52,bekannter,0.7825146768278994,0.5077443489001771,0.6459041974843085,0,0,0,0,0,0
52,Ja,0.731982479119855,0.6402102505617395,0.4381250409322417,0,0,0,1,0,0
52,Eh,0.8239124741392112,0.5745992485432527,0.7271041919753396,0,0,0,1,0,0
52,einfach,0.6363768365508712,0.2218092095515824,0.4644757325212782,0,0,0,0,0,0
52,Herr,0.578708951845571,0.408435494808788,0.6274639965966486,0,0,0,0,0,0
52,unmöglich,0.153,0.51,0.407,0,0,0,0,1,0
52,Lügen,0.1901191527766783,0.6608636297330821,0.3347418328588228,0,0,0,0,1,0
53,gross,0.576082633809364,0.6380889953692928,0.6229796322811011,1,0,1,0,1,1
53,Jesses,0.8000000000000002,0.4000000000000001,0.62,0,0,0,1,0,0
53,Vater,0.8024733948546023,0.3443872702128585,0.7925175470585678,0,0,0,0,0,0
53,Hoft,0.588502276943852,0.4301694184023261,0.5108852488183643,0,0,0,0,0,0
54,Vater,0.8024733948546023,0.3443872702128585,0.7925175470585678,0,0,0,0,0,0
54,Unglück,0.1623111009240016,0.8676662276087374,0.3611259565716062,0,0,1,0,1,1
55,Vater,0.8024733948546023,0.3443872702128585,0.7925175470585678,0,0,0,0,0,0
55,Herr,0.578708951845571,0.408435494808788,0.6274639965966486,0,0,0,0,0,0
55,Ja,0.731982479119855,0.6402102505617395,0.4381250409322417,0,0,0,1,0,0
55,scheen,0.7289983277978773,0.453316804682258,0.5549619459797869,0,0,0,0,0,0
55,kumme,0.5077636222456227,0.4247459181933735,0.4697888562405837,0,0,0,0,0,0
55,vermuet,0.1531995572776354,0.7207996037281853,0.4813171870469712,0,0,1,0,0,0
55,Fränz,0.4743506503545591,0.3800286271180814,0.3836067057219087,0,0,0,0,0,0
55,Himmel,0.8393195679756454,0.3308470608345092,0.5762111783814887,0,0,0,1,0,0
55,Buschur,0.922,0.461,0.552,0,0,0,1,0,0
55,Herre,0.578708951845571,0.408435494808788,0.6274639965966486,0,0,0,0,0,0
56,Liebe,0.9225340379853786,0.5644888482254989,0.6576320434448562,0,0,0,1,0,0
56,Lexikon,0.5920581081637365,0.3508749654427818,0.6060510535799403,0.0,0.0,0.0,0.0,0.0,0.0
56,spielen,0.6460709338525759,0.6919089359073894,0.5152858817897907,0,0,0,0,0,0
56,gut,0.8496361744517235,0.4974327231143904,0.6809413474879623,0,0,0,1,0,0
56,Frait,0.7318896974235932,0.8082638102553833,0.64104483732925,0,0,0,1,0,1
56,Herr,0.578708951845571,0.408435494808788,0.6274639965966486,0,0,0,0,0,0
57,Danke,0.8426102617392222,0.4470312334146993,0.5270463100391396,0,0,0,0,0,0
57,Ja,0.731982479119855,0.6402102505617395,0.4381250409322417,0,0,0,1,0,0
57,Herr,0.578708951845571,0.408435494808788,0.6274639965966486,0,0,0,0,0,0
57,grüesse,0.7579027851237415,0.5802245590848442,0.6245385795918104,0,0,0,0,0,0
58,Richtig,0.7997621061227346,0.380252573270382,0.741456901687436,0,0,0,0,0,0
58,Täte,0.5466356538533792,0.3370267620328144,0.596955413764864,0,0,0,0,0,0
58,Herre,0.578708951845571,0.408435494808788,0.6274639965966486,0,0,0,0,0,0
58,stelle,0.5679669229177663,0.3622952822170907,0.5242673673171291,0,0,0,0,0,0
59,sehr,0.4774057457928527,0.6834468849599848,0.6094382946126706,0.4374425836602892,0.5459631820353186,0.7464169894654227,0.0,0.6438633914999808,0.0
59,guter,0.872429815220587,0.4282210752474073,0.6427907698086798,0,0,0,1,0,0
59,Ja,0.731982479119855,0.6402102505617395,0.4381250409322417,0,0,0,1,0,0
59,Vergniejen,0.8125670627328118,0.6864916137956563,0.6066079190197832,0,0,0,1,0,1
59,Deifel,0.1964747246227071,0.7670985862104137,0.5501480338809785,1,1,1,0,1,0
59,kumm,0.5077636222456227,0.4247459181933735,0.4697888562405837,0,0,0,0,0,0
59,Herr,0.578708951845571,0.408435494808788,0.6274639965966486,0,0,0,0,0,0
60,Ja,0.731982479119855,0.6402102505617395,0.4381250409322417,0,0,0,1,0,0
60,hauptsächlich,0.6717118360756074,0.4853383016539421,0.7427877493512577,0,0,0,0,0,0
60,Herr,0.578708951845571,0.408435494808788,0.6274639965966486,0,0,0,0,0,0
61,Lügen,0.1901191527766783,0.6608636297330821,0.3347418328588228,0,0,0,0,1,0
61,halte,0.3111065596608406,0.4304222742857499,0.3607767117547636,0,0,0,0,0,0
61,sehr,0.4774057457928527,0.6834468849599848,0.6094382946126706,0.4374425836602892,0.5459631820353186,0.7464169894654227,0.0,0.6438633914999808,0.0
61,Verbesserüngen,0.6694116713903473,0.4948259617480923,0.5927183981765929,0.0,0.0,0.0,0.309,0.0,0.0
62,Herr,0.578708951845571,0.408435494808788,0.6274639965966486,0,0,0,0,0,0
62,meinen,0.7174614274296905,0.4855792551331206,0.6835986364388508,0,0,0,0,0,0
62,arbeite,0.6727954709068494,0.6048817841816699,0.7036040576077234,0,0,0,0,0,0
62,Fräid,0.7318896974235932,0.8082638102553833,0.64104483732925,0,0,0,1,0,1
62,recht,0.6400876506878803,0.4089874388986209,0.6300150314500853,0,0,0,0,0,0
63,Lexikon,0.5920581081637365,0.3508749654427818,0.6060510535799403,0.0,0.0,0.0,0.0,0.0,0.0
63,Ja,0.731982479119855,0.6402102505617395,0.4381250409322417,0,0,0,1,0,0
64,Ja,0.731982479119855,0.6402102505617395,0.4381250409322417,0,0,0,1,0,0
64,Bildung,0.785248297492111,0.347039467665088,0.7733139968633866,0.0,0.0,0.0,0.0,0.0,0.0
64,miner,0.7174614274296905,0.4855792551331206,0.6835986364388508,0,0,0,0,0,0
64,Vater,0.8024733948546023,0.3443872702128585,0.7925175470585678,0,0,0,0,0,0
64,allewyl,0.6185883572349138,0.4931147079616885,0.5466996689288072,0,0,0,0,0,0
64,uff,0.714,0.441,0.657,0,0,0,1,0,0
64,g'schickt,0.8088109111764948,0.6521682869372487,0.8441183503445996,0,0,0,0,0,0
64,lehre,0.7742943218874021,0.437706952256585,0.7715888001175496,0,0,0,0,0,0
64,wohl,0.8732198670753948,0.2763132148600918,0.536133422305439,0,0,0,1,0,0
64,Lexikon,0.5920581081637365,0.3508749654427818,0.6060510535799403,0.0,0.0,0.0,0.0,0.0,0.0
65,recht,0.6400876506878803,0.4089874388986209,0.6300150314500853,0,0,0,0,0,0
65,zefridde,0.9415519635393872,0.611381250605775,0.7347943350099368,0,0,0,1,0,0
65,Ahnung,0.528559066866542,0.6450696169446567,0.6270511254368757,0,0,1,0,0,0
65,Lexikon,0.5920581081637365,0.3508749654427818,0.6060510535799403,0.0,0.0,0.0,0.0,0.0,0.0
66,saöt,0.6566453679504511,0.5905904562773836,0.7466200196348174,0,0,0,0,0,0
66,Strüss,0.6848487696769308,0.3767981463050592,0.3511370229110565,0,0,0,0,0,0
66,Fräulein,0.5348173046139476,0.4984850434191227,0.3835090792220775,0.0,0.0,0.0,0.0,0.379,0.0
66,Ja,0.731982479119855,0.6402102505617395,0.4381250409322417,0,0,0,1,0,0
66,Vater,0.8024733948546023,0.3443872702128585,0.7925175470585678,0,0,0,0,0,0
66,Herr,0.578708951845571,0.408435494808788,0.6274639965966486,0,0,0,0,0,0
67,Strüss,0.6848487696769308,0.3767981463050592,0.3511370229110565,0,0,0,0,0,0
67,sicher,0.7922928928462181,0.38657381727647,0.7327040768949986,0,0,0,0,0,0
67,uff,0.714,0.441,0.657,0,0,0,1,0,0
67,vergess,0.2733659897646198,0.3446951970086845,0.2037784030892053,0,0,0,0,1,0
67,Herr,0.578708951845571,0.408435494808788,0.6274639965966486,0,0,0,0,0,0
67,wichtige,0.7021403900875118,0.5812229376027632,0.7248754781543406,0,0,0,0,0,0
68,Jesses,0.8000000000000002,0.4000000000000001,0.62,0,0,0,1,0,0
68,Ja,0.731982479119855,0.6402102505617395,0.4381250409322417,0,0,0,1,0,0
68,richtig,0.7997621061227346,0.380252573270382,0.741456901687436,0,0,0,0,0,0
68,sehr,0.4774057457928527,0.6834468849599848,0.6094382946126706,0.4374425836602892,0.5459631820353186,0.7464169894654227,0.0,0.6438633914999808,0.0
68,schnell,0.711452961709516,0.7425271751862236,0.6890049728025679,0,0,0,0,0,0
68,Herre,0.578708951845571,0.408435494808788,0.6274639965966486,0,0,0,0,0,0
68,halt,0.3111065596608406,0.4304222742857499,0.3607767117547636,0,0,0,0,0,0
68,üsfalle,0.6311865573306888,0.4223372360171686,0.4681612090132772,0,0,0,0,0,0
69,villicht,0.4740661006579401,0.3300618280273141,0.3824074327530027,0,0,0,0,0,0
69,Richtig,0.7997621061227346,0.380252573270382,0.741456901687436,0,0,0,0,0,0
69,Eh,0.8239124741392112,0.5745992485432527,0.7271041919753396,0,0,0,1,0,0
70,Rhümatisse,0.219,0.472,0.418,0,0,0,0,1,0
70,Ja,0.731982479119855,0.6402102505617395,0.4381250409322417,0,0,0,1,0,0
70,uff,0.714,0.441,0.657,0,0,0,1,0,0
71,Ja,0.731982479119855,0.6402102505617395,0.4381250409322417,0,0,0,1,0,0
71,wohl,0.8732198670753948,0.2763132148600918,0.536133422305439,0,0,0,1,0,0
71,recht,0.6400876506878803,0.4089874388986209,0.6300150314500853,0,0,0,0,0,0
71,gemacht,0.683,0.333,0.618,0,0,0,0,0,0
71,uff,0.714,0.441,0.657,0,0,0,1,0,0
71,halt,0.3111065596608406,0.4304222742857499,0.3607767117547636,0,0,0,0,0,0
71,Herz,0.8062221719545464,0.4538664755524821,0.700311722410761,0,0,0,1,0,0
72,uff,0.714,0.441,0.657,0,0,0,1,0,0
72,gläub,0.8294008769580371,0.3561173479361921,0.7427254757342471,0,0,0,0,0,0
72,bekumme,0.6634883033052841,0.5250221118211815,0.6400411110603296,0,0,0,0,0,0
72,Vater,0.8024733948546023,0.3443872702128585,0.7925175470585678,0,0,0,0,0,0
72,sicher,0.7922928928462181,0.38657381727647,0.7327040768949986,0,0,0,0,0,0
73,Herr,0.578708951845571,0.408435494808788,0.6274639965966486,0,0,0,0,0,0
74,Tat,0.5466356538533792,0.3370267620328144,0.596955413764864,0,0,0,0,0,0
74,Richtig,0.7997621061227346,0.380252573270382,0.741456901687436,0,0,0,0,0,0
74,Vater,0.8024733948546023,0.3443872702128585,0.7925175470585678,0,0,0,0,0,0
75,Herr,0.578708951845571,0.408435494808788,0.6274639965966486,0,0,0,0,0,0
75,Fäll,0.469,0.627,0.527,0,0,0,0,0,0
75,Richtig,0.7997621061227346,0.380252573270382,0.741456901687436,0,0,0,0,0,0
75,Fräulein,0.5348173046139476,0.4984850434191227,0.3835090792220775,0.0,0.0,0.0,0.0,0.379,0.0
75,Fälle,0.469,0.627,0.527,0,0,0,0,0,0
75,prüfen,0.5722754222254259,0.5648692879247251,0.699997324646248,0,0,0,0,0,0
76,Prüfen,0.5722754222254259,0.5648692879247251,0.699997324646248,0,0,0,0,0,0
76,heilig,0.7752312202323515,0.306516452893079,0.7781768273161963,0,0,0,0,0,0
76,Herre,0.578708951845571,0.408435494808788,0.6274639965966486,0,0,0,0,0,0
76,gän,0.5311555130794368,0.379209400082775,0.6433193632821606,0,0,0,0,0,0
76,uff,0.714,0.441,0.657,0,0,0,1,0,0
76,guet,0.8496361744517235,0.4974327231143904,0.6809413474879623,0,0,0,1,0,0
77,alte,0.5204651732216539,0.2937803896428515,0.4960055632332141,0,0,0,0,0,0
77,Fränz,0.4743506503545591,0.3800286271180814,0.3836067057219087,0,0,0,0,0,0
77,hol,0.2926402763357111,0.4052743559505624,0.2479680081403359,0,0,0,1,0,0
78,Ungeduld,0.2627176184791867,0.7407024475179086,0.4208243881205229,0,0,0,0,0,0
78,Ja,0.731982479119855,0.6402102505617395,0.4381250409322417,0,0,0,1,0,0
79,geben,0.795,0.333,0.585,0,0,0,0,0,0
80,kumme,0.5077636222456227,0.4247459181933735,0.4697888562405837,0,0,0,0,0,0
80,liebenswürdig,0.8703812537333554,0.3617334506568802,0.5526440932842785,0.0,0.0,0.0,0.7729999999999999,0.0,0.0
80,unter,0.3793765577845941,0.2779247936724607,0.2707187055735737,0,0,0,0,0,0
80,gelade,0.266,0.662,0.596,0,0,1,0,1,0
80,uff,0.714,0.441,0.657,0,0,0,1,0,0
81,stosse,0.4155583658735594,0.6628508342545436,0.5893833132328512,1,0,0,0,0,0
81,Fränz,0.4743506503545591,0.3800286271180814,0.3836067057219087,0,0,0,0,0,0
81,gewalti,0.7045686818621478,0.6606900796981651,0.8679000566292808,0,0,0,1,0,1
82,sehr,0.4774057457928527,0.6834468849599848,0.6094382946126706,0.4374425836602892,0.5459631820353186,0.7464169894654227,0.0,0.6438633914999808,0.0
82,schöner,0.762431221612974,0.4951955974553775,0.5870796596812785,0,0,0,1,0,0
82,komischer,0.3407338906344653,0.6333993668977249,0.4435442546412013,0,0,0,0,0,1
82,Herr,0.578708951845571,0.408435494808788,0.6274639965966486,0,0,0,0,0,0
83,kumme,0.5077636222456227,0.4247459181933735,0.4697888562405837,0,0,0,0,0,0
83,Fränz,0.4743506503545591,0.3800286271180814,0.3836067057219087,0,0,0,0,0,0
83,Herr,0.578708951845571,0.408435494808788,0.6274639965966486,0,0,0,0,0,0
83,Kriz,0.4513221945312947,0.3287429663041927,0.5504292388840927,1,0,0,0,0,0
83,lang,0.5280080824659347,0.445728829830827,0.5409882638697031,0,0,0,0,0,0
83,Hüs,0.6701485966188446,0.2761480525313476,0.5537241657527012,0,0,0,1,0,0
84,meine,0.7174614274296905,0.4855792551331206,0.6835986364388508,0,0,0,0,0,0
84,Damen,0.6741537947485023,0.4713769574170061,0.5231645897606956,0,0,0,0,0,0
84,G'sundheit,0.935,0.427,0.551,0,0,0,0,0,0
85,schöne,0.762431221612974,0.4951955974553775,0.5870796596812785,0,0,0,1,0,0
85,Zeit,0.5505765840004807,0.3075056509901578,0.5648357925502997,0,0,0,0,0,0
85,Treue,0.8473011123002089,0.4576814297158384,0.7081378888165348,0,0,0,0,0,0
85,voller,0.1157735820327027,0.8360965730370732,0.2479354516859317,0,1,0,0,0,0
85,Zufriedenheit,0.875,0.61,0.782,0.0,0.0,0.0,0.672,0.0,0.0
85,allewyl,0.6185883572349138,0.4931147079616885,0.5466996689288072,0,0,0,0,0,0
86,unter,0.3793765577845941,0.2779247936724607,0.2707187055735737,0,0,0,0,0,0
86,verrote,0.2793881398893661,0.6251793695026806,0.4692934631245603,1,1,0,0,0,0
86,Kriz,0.4513221945312947,0.3287429663041927,0.5504292388840927,1,0,0,0,0,0
86,G’sundheit,0.935,0.427,0.551,0,0,0,0,0,0
86,wohl,0.8732198670753948,0.2763132148600918,0.536133422305439,0,0,0,1,0,0
87,G'sundheit,0.935,0.427,0.551,0,0,0,0,0,0
88,Rhümatisse,0.219,0.472,0.418,0,0,0,0,1,0
89,Jesses,0.8000000000000002,0.4000000000000001,0.62,0,0,0,1,0,0
89,Buschur,0.922,0.461,0.552,0,0,0,1,0,0
89,Herr,0.578708951845571,0.408435494808788,0.6274639965966486,0,0,0,0,0,0
90,Frind,0.8439224917513257,0.3955812420939649,0.6481539091680617,0,0,0,0,0,0
90,grad,0.6993651460488204,0.3954513279714086,0.6519229691474666,0,0,0,0,0,0
90,süferi,0.7357928813855046,0.3468789811407178,0.5248465435633982,0,0,0,0,0,0
90,Vater,0.8024733948546023,0.3443872702128585,0.7925175470585678,0,0,0,0,0,0
91,Vater,0.8024733948546023,0.3443872702128585,0.7925175470585678,0,0,0,0,0,0
91,Notari,0.541,0.4509999999999999,0.676,0,0,0,0,0,0
91,Herr,0.578708951845571,0.408435494808788,0.6274639965966486,0,0,0,0,0,0
92,Herr,0.578708951845571,0.408435494808788,0.6274639965966486,0,0,0,0,0,0
92,Vater,0.8024733948546023,0.3443872702128585,0.7925175470585678,0,0,0,0,0,0
92,Ja,0.731982479119855,0.6402102505617395,0.4381250409322417,0,0,0,1,0,0
92,Hoft,0.588502276943852,0.4301694184023261,0.5108852488183643,0,0,0,0,0,0
92,gescht,0.8054320119353747,0.5297898193810664,0.7505600125635523,0,0,0,0,0,0
93,Mäidle,0.6041521774765466,0.5288841068598588,0.404498219694434,0,1,0,0,0,0
93,Angst,0.2166713824235038,0.7438871000942455,0.3580124528480291,0,0,1,0,0,0
93,bissi,0.3290190733532613,0.6284501518847357,0.3990208397805317,0,0,0,0,0,0
94,jingst,0.6613889333102907,0.4584467116080536,0.427860028045464,0,0,0,0,0,0
94,Tochter,0.8015311659203683,0.4596244203361964,0.4456991918508667,0,0,0,1,0,0
95,süferi,0.7357928813855046,0.3468789811407178,0.5248465435633982,0,0,0,0,0,0
95,gän,0.5311555130794368,0.379209400082775,0.6433193632821606,0,0,0,0,0,0
95,Frind,0.8439224917513257,0.3955812420939649,0.6481539091680617,0,0,0,0,0,0
95,kumme,0.5077636222456227,0.4247459181933735,0.4697888562405837,0,0,0,0,0,0
96,Fränz,0.4743506503545591,0.3800286271180814,0.3836067057219087,0,0,0,0,0,0
96,Jesses,0.8000000000000002,0.4000000000000001,0.62,0,0,0,1,0,0
97,gläub,0.8294008769580371,0.3561173479361921,0.7427254757342471,0,0,0,0,0,0
97,mitnander,0.8004800063959762,0.426066672788339,0.6630597828532812,0,0,0,0,0,0
97,uff,0.714,0.441,0.657,0,0,0,1,0,0
97,Richti,0.7997621061227346,0.380252573270382,0.741456901687436,0,0,0,0,0,0
97,Tänzer,0.8456622597193847,0.8174005370116605,0.5491167114176384,0,0,0,1,0,0
98,grad,0.6993651460488204,0.3954513279714086,0.6519229691474666,0,0,0,0,0,0
98,tanz,0.8456622597193847,0.8174005370116605,0.5491167114176384,0,0,0,1,0,0
98,kumm,0.5077636222456227,0.4247459181933735,0.4697888562405837,0,0,0,0,0,0
98,Allmächtiger,0.8367661952820503,0.7838603108675791,0.939972062173516,0,0,0,1,0,0
98,Gott,0.758,0.518,0.886,0,0,0,1,0,0
98,Jesses,0.8000000000000002,0.4000000000000001,0.62,0,0,0,1,0,0
98,froh,0.8908789644973816,0.7352218842807234,0.6867651950383649,0.2989537243550825,0.0,0.0,0.7945991714231142,0.0,0.0
98,miner,0.7174614274296905,0.4855792551331206,0.6835986364388508,0,0,0,0,0,0
98,Frind,0.8439224917513257,0.3955812420939649,0.6481539091680617,0,0,0,0,0,0
99,kumme,0.5077636222456227,0.4247459181933735,0.4697888562405837,0,0,0,0,0,0
99,Ja,0.731982479119855,0.6402102505617395,0.4381250409322417,0,0,0,1,0,0
100,Simpel,0.2793087470389632,0.4252468642182204,0.2351291544543048,0,0,0,1,0,0
100,Dolle,0.1457761410361437,0.6375919798698528,0.2895110474301861,0.6905515235702571,0.594,0.6152509003683303,0.0,0.368,0.0
100,Fränz,0.4743506503545591,0.3800286271180814,0.3836067057219087,0,0,0,0,0,0
101,Fränz,0.4743506503545591,0.3800286271180814,0.3836067057219087,0,0,0,0,0,0
101,Mäidel,0.6041521774765466,0.5288841068598588,0.404498219694434,0,1,0,0,0,0
101,lütt,0.7272892855744911,0.6537700133208286,0.7983463353755945,0,0,0,0,0,0
101,iwel,0.1236177284063167,0.6616106726587441,0.3877657383225599,1,1,1,0,1,0
102,saöt,0.6566453679504511,0.5905904562773836,0.7466200196348174,0,0,0,0,0,0
102,grad,0.6993651460488204,0.3954513279714086,0.6519229691474666,0,0,0,0,0,0
102,Mäidel,0.6041521774765466,0.5288841068598588,0.404498219694434,0,1,0,0,0,0
102,G’spass,0.8651475386260272,0.6943164222309121,0.6551791520253809,0,0,0,1,0,0
103,Dolle,0.1457761410361437,0.6375919798698528,0.2895110474301861,0.6905515235702571,0.594,0.6152509003683303,0.0,0.368,0.0
104,mued,0.2282996902657799,0.3248969021548195,0.1874295677284346,0,0,0,0,0,0
104,Scheen,0.7289983277978773,0.453316804682258,0.5549619459797869,0,0,0,0,0,0
104,Ja,0.731982479119855,0.6402102505617395,0.4381250409322417,0,0,0,1,0,0
104,scheen,0.7289983277978773,0.453316804682258,0.5549619459797869,0,0,0,0,0,0
105,schad,0.1573031831829046,0.7645264208470598,0.364317050164718,0,0,0,0,1,0
105,guet,0.8496361744517235,0.4974327231143904,0.6809413474879623,0,0,0,1,0,0
105,versüffe,0.2514465157756704,0.5180500388295273,0.2900575489338563,0,0,1,0,1,0
105,G'sundheit,0.935,0.427,0.551,0,0,0,0,0,0
105,G’sundheit’,0.935,0.427,0.551,0,0,0,0,0,0
106,kumme,0.5077636222456227,0.4247459181933735,0.4697888562405837,0,0,0,0,0,0
106,Herr,0.578708951845571,0.408435494808788,0.6274639965966486,0,0,0,0,0,0
107,Gott,0.758,0.518,0.886,0,0,0,1,0,0
107,Herr,0.578708951845571,0.408435494808788,0.6274639965966486,0,0,0,0,0,0
107,recht,0.6400876506878803,0.4089874388986209,0.6300150314500853,0,0,0,0,0,0
108,fette,0.3222553263395115,0.4000158456869621,0.3122210819586394,0,1,0,0,0,0
108,scheene,0.7289983277978773,0.453316804682258,0.5549619459797869,0,0,0,0,0,0
108,gewunne,0.7049239459580098,0.6410614838482968,0.7448280586694224,0,0,0,1,0,0
108,uff,0.714,0.441,0.657,0,0,0,1,0,0
109,Mül,0.734,0.294,0.336,0,0,0,0,0,0
109,Nochber,0.657,0.448,0.434,0,0,0,0,0,0
110,uff,0.714,0.441,0.657,0,0,0,1,0,0
110,iwerfahre,0.2532129895266239,0.6563125055068026,0.4241308809276511,0,0,0,0,0,0
110,recht,0.6400876506878803,0.4089874388986209,0.6300150314500853,0,0,0,0,0,0
110,gemacht,0.683,0.333,0.618,0,0,0,0,0,0
110,Herr,0.578708951845571,0.408435494808788,0.6274639965966486,0,0,0,0,0,0
111,echter,0.8105884020425005,0.3760808974109116,0.7522391981034185,0,0,0,0,0,0
111,Schulhaus,0.6676771558627984,0.4107591056350719,0.6310436331369346,0,0,0,0,0,0
112,morje,0.595224134951048,0.381812331833792,0.4085490003101959,0,0,0,0,0,0
112,Jungi,0.6613889333102907,0.4584467116080536,0.427860028045464,0,0,0,0,0,0
112,gemacht,0.683,0.333,0.618,0,0,0,0,0,0
112,gross,0.576082633809364,0.6380889953692928,0.6229796322811011,1,0,1,0,1,1
113,lang,0.5280080824659347,0.445728829830827,0.5409882638697031,0,0,0,0,0,0
113,verbrennt,0.1361688208904977,0.6627354739905935,0.3545743327981086,1,1,1,0,1,0
113,Ja,0.731982479119855,0.6402102505617395,0.4381250409322417,0,0,0,1,0,0
113,Herr,0.578708951845571,0.408435494808788,0.6274639965966486,0,0,0,0,0,0
113,schlächt,0.1215227376438381,0.5354553678744464,0.2171674094734189,0,1,1,0,1,0
113,mitnander,0.8004800063959762,0.426066672788339,0.6630597828532812,0,0,0,0,0,0
113,rächt,0.8067346087333439,0.4109043538023655,0.7358541024208732,0,0,0,0,0,0
113,Ehre,0.896,0.587,0.857,0,0,0,0,0,0
113,vergelte,0.111,0.812,0.595,1,0,0,0,0,0
114,junge,0.6613889333102907,0.4584467116080536,0.427860028045464,0,0,0,0,0,0
114,Spritz,0.4272819971730712,0.509736473994653,0.3215372468445648,0,0,0,0,0,1
114,Herr,0.578708951845571,0.408435494808788,0.6274639965966486,0,0,0,0,0,0
115,leischte,0.7089950517964436,0.5058314638991926,0.6093737844838272,0,0,0,1,0,0
115,loss,0.2778176887927389,0.4746692635370985,0.3003378041080027,0,0,1,0,1,0
115,Simpel,0.2793087470389632,0.4252468642182204,0.2351291544543048,0,0,0,1,0,0
116,Bitte,0.292,0.608,0.328,0,0,0,0,0,0
116,sehr,0.4774057457928527,0.6834468849599848,0.6094382946126706,0.4374425836602892,0.5459631820353186,0.7464169894654227,0.0,0.6438633914999808,0.0
116,meine,0.7174614274296905,0.4855792551331206,0.6835986364388508,0,0,0,0,0,0
116,Herren,0.578708951845571,0.408435494808788,0.6274639965966486,0,0,0,0,0,0
116,bitte,0.292,0.608,0.328,0,0,0,0,0,0
116,Herr,0.578708951845571,0.408435494808788,0.6274639965966486,0,0,0,0,0,0
117,Ja,0.731982479119855,0.6402102505617395,0.4381250409322417,0,0,0,1,0,0
117,Schön,0.762431221612974,0.4951955974553775,0.5870796596812785,0,0,0,1,0,0
117,Jugend,0.938,0.608,0.736,0,0,0,0,0,0
118,Gueter,0.8496361744517235,0.4974327231143904,0.6809413474879623,0,0,0,1,0,0
118,voll,0.1157735820327027,0.8360965730370732,0.2479354516859317,0,1,0,0,0,0
118,Dokter,0.6361058512675609,0.4958126553545374,0.8243866476965048,0,0,0,0,0,0
118,lang,0.5280080824659347,0.445728829830827,0.5409882638697031,0,0,0,0,0,0
119,scheen,0.7289983277978773,0.453316804682258,0.5549619459797869,0,0,0,0,0,0
119,Schmutz,0.9102533610225078,0.7525625227150285,0.6244637425387812,0,0,0,1,0,0
119,fette,0.3222553263395115,0.4000158456869621,0.3122210819586394,0,1,0,0,0,0
119,scheene,0.7289983277978773,0.453316804682258,0.5549619459797869,0,0,0,0,0,0
119,gewinne,0.7049239459580098,0.6410614838482968,0.7448280586694224,0,0,0,1,0,0
120,streng,0.4288517027221735,0.7560134873935141,0.8062841531041995,0,0,0,0,0,0
121,Liewe,0.9225340379853786,0.5644888482254989,0.6576320434448562,0,0,0,1,0,0
121,Noochber,0.657,0.448,0.434,0,0,0,0,0,0
121,bekumme,0.6634883033052841,0.5250221118211815,0.6400411110603296,0,0,0,0,0,0
121,uff,0.714,0.441,0.657,0,0,0,1,0,0
122,trüri,0.2052738728636649,0.4499573752968926,0.2666649227833794,0,0,1,0,1,0
122,Uehre,0.602712717697481,0.2947610793942761,0.4355692194348147,0,0,0,0,0,0
122,Freundlich,0.7177051253407628,0.3496436448608154,0.4226400745372364,0,0,0,1,0,0
122,unglicklich,0.1367222228635606,0.520884796077391,0.2528109058981154,0,0,0,0,1,0
122,Kriz,0.4513221945312947,0.3287429663041927,0.5504292388840927,1,0,0,0,0,0
123,Uehre,0.602712717697481,0.2947610793942761,0.4355692194348147,0,0,0,0,0,0
123,Vater,0.8024733948546023,0.3443872702128585,0.7925175470585678,0,0,0,0,0,0
123,froh,0.8908789644973816,0.7352218842807234,0.6867651950383649,0.2989537243550825,0.0,0.0,0.7945991714231142,0.0,0.0
123,gläub,0.8294008769580371,0.3561173479361921,0.7427254757342471,0,0,0,0,0,0
123,recht,0.6400876506878803,0.4089874388986209,0.6300150314500853,0,0,0,0,0,0
123,zamme,0.8179675220088382,0.4179635713275427,0.6618562700894817,0,0,0,0,0,0
123,scheeni,0.7289983277978773,0.453316804682258,0.5549619459797869,0,0,0,0,0,0
123,netti,0.6979126919978749,0.4267091856351313,0.5186038715222939,0,0,0,0,0,0
123,wohr,0.8235551257078202,0.4120878812309737,0.7469588919461928,0,0,0,0,0,0
124,gäje,0.3289476186734883,0.4696838101224185,0.4252963640649133,0,0,0,0,0,0
124,loss,0.2778176887927389,0.4746692635370985,0.3003378041080027,0,0,1,0,1,0
125,erfahre,0.786909284529775,0.6668862863105288,0.8303479555369887,0,0,0,0,0,0
125,sait,0.6566453679504511,0.5905904562773836,0.7466200196348174,0,0,0,0,0,0
125,gläub,0.8294008769580371,0.3561173479361921,0.7427254757342471,0,0,0,0,0,0
125,kumme,0.5077636222456227,0.4247459181933735,0.4697888562405837,0,0,0,0,0,0
126,Schlimmer,0.0898769761564491,0.6621358342702067,0.2465395243109512,0,0,0,0,0,0
127,Kumme,0.5077636222456227,0.4247459181933735,0.4697888562405837,0,0,0,0,0,0
127,g'schläuje,0.2233920095996923,0.488397431995324,0.1730035071493421,0,0,0,0,1,0
128,uf,0.714,0.441,0.657,0,0,0,1,0,0
128,Räche,0.4736335616749511,0.5298528750827751,0.5355180316755543,0,0,0,0,0,0
128,Steel,0.4470588706521295,0.3821717397813807,0.4138690384193749,0,0,1,0,0,0
128,uff,0.714,0.441,0.657,0,0,0,1,0,0
129,gemacht,0.683,0.333,0.618,0,0,0,0,0,0
129,uff,0.714,0.441,0.657,0,0,0,1,0,0
129,genäuj,0.6906218660415239,0.4503815984179304,0.6876163791560292,0,0,0,1,0,0
129,Vermöje,0.8719382000345459,0.7099375828178721,0.8330531140236606,0,0,0,1,0,0
130,Verleebt,0.8386148944089284,0.6378289949300633,0.6574416259510449,0,0,0,0,0,0
130,Satan,0.2983079007169907,0.6704620347619887,0.4848218097218641,0.234,0.258,0.25,0.0,0.0,0.0
131,tönze,0.8456622597193847,0.8174005370116605,0.5491167114176384,0,0,0,1,0,0
131,schade,0.1573031831829046,0.7645264208470598,0.364317050164718,0,0,0,0,1,0
131,halt,0.3111065596608406,0.4304222742857499,0.3607767117547636,0,0,0,0,0,0
132,Herr,0.578708951845571,0.408435494808788,0.6274639965966486,0,0,0,0,0,0
132,alten,0.5204651732216539,0.2937803896428515,0.4960055632332141,0,0,0,0,0,0
132,Tiere,0.3510305219156174,0.6123927801725234,0.5657357928104133,1,0,1,0,0,0
132,Richtig,0.7997621061227346,0.380252573270382,0.741456901687436,0,0,0,0,0,0
133,richtige,0.7997621061227346,0.380252573270382,0.741456901687436,0,0,0,0,0,0
133,hauptsächlich,0.6717118360756074,0.4853383016539421,0.7427877493512577,0,0,0,0,0,0
133,Tier,0.3510305219156174,0.6123927801725234,0.5657357928104133,1,0,1,0,0,0
133,richtig,0.7997621061227346,0.380252573270382,0.741456901687436,0,0,0,0,0,0
134,schwarz,0.3093252502169902,0.4397719370354602,0.356958375770949,0,0,0,0,0,0
134,Flecken,0.4658561814634919,0.3586561897131121,0.3912726008104069,0,0,0,0,0,0
134,Ja,0.731982479119855,0.6402102505617395,0.4381250409322417,0,0,0,1,0,0
134,Flecke,0.4658561814634919,0.3586561897131121,0.3912726008104069,0,0,0,0,0,0
135,Danke,0.8426102617392222,0.4470312334146993,0.5270463100391396,0,0,0,0,0,0
135,Bitte,0.292,0.608,0.328,0,0,0,0,0,0
135,sehr,0.4774057457928527,0.6834468849599848,0.6094382946126706,0.4374425836602892,0.5459631820353186,0.7464169894654227,0.0,0.6438633914999808,0.0
136,dumm,0.2504457992195376,0.4047137068345491,0.1975361692273941,0,0,0,1,0,0
136,Mäul,0.734,0.294,0.336,0,0,0,0,0,0
136,sehr,0.4774057457928527,0.6834468849599848,0.6094382946126706,0.4374425836602892,0.5459631820353186,0.7464169894654227,0.0,0.6438633914999808,0.0
136,gefährlich,0.0797004096324893,0.8667563898431553,0.6176219418940843,0,0,1,0,1,0
136,Tiere,0.3510305219156174,0.6123927801725234,0.5657357928104133,1,0,1,0,0,0
137,sehr,0.4774057457928527,0.6834468849599848,0.6094382946126706,0.4374425836602892,0.5459631820353186,0.7464169894654227,0.0,0.6438633914999808,0.0
137,Schwarze,0.3093252502169902,0.4397719370354602,0.356958375770949,0,0,0,0,0,0
137,Tod,0.0368309599943194,0.6461411734052873,0.3948091962656762,1,1,1,0,1,1
137,Opfer,0.3009057412790134,0.6092168665213978,0.3685320098514669,0,0,1,0,0,0
137,Richtig,0.7997621061227346,0.380252573270382,0.741456901687436,0,0,0,0,0,0
137,gut,0.8496361744517235,0.4974327231143904,0.6809413474879623,0,0,0,1,0,0
137,Herr,0.578708951845571,0.408435494808788,0.6274639965966486,0,0,0,0,0,0
137,Lehrer,0.6952346319440735,0.4247508854164138,0.7350689841819658,0,0,0,0,0,0
138,recht,0.6400876506878803,0.4089874388986209,0.6300150314500853,0,0,0,0,0,0
138,gut,0.8496361744517235,0.4974327231143904,0.6809413474879623,0,0,0,1,0,0
138,Zeugnis,0.615,0.578,0.643,0,0,0,0,0,0
138,Lehrer,0.6952346319440735,0.4247508854164138,0.7350689841819658,0,0,0,0,0,0
138,Simpel,0.2793087470389632,0.4252468642182204,0.2351291544543048,0,0,0,1,0,0
138,frisch,0.6395283186751481,0.6990916113422401,0.650442402707387,0,0,0,0,0,0
138,lon,0.2778176887927389,0.4746692635370985,0.3003378041080027,0,0,1,0,1,0
138,Begehre,0.4288244896434212,0.6733783662102779,0.6052776141058458,0,0,0,0,0,0
138,gemacht,0.683,0.333,0.618,0,0,0,0,0,0
138,guet,0.8496361744517235,0.4974327231143904,0.6809413474879623,0,0,0,1,0,0
138,heisse,0.5093656120010462,0.3756996758562834,0.5710919508916895,0,0,0,0,0,0
139,kumme,0.5077636222456227,0.4247459181933735,0.4697888562405837,0,0,0,0,0,0
139,voll,0.1157735820327027,0.8360965730370732,0.2479354516859317,0,1,0,0,0,0
140,Tropfe,0.3848133362369537,0.278688252297014,0.2266267764168895,0,1,1,0,0,0
140,voll,0.1157735820327027,0.8360965730370732,0.2479354516859317,0,1,0,0,0,0
140,Vater,0.8024733948546023,0.3443872702128585,0.7925175470585678,0,0,0,0,0,0
140,Fameli,0.9073537505398426,0.3805624497805403,0.6257421444462253,0,0,0,1,0,0
141,Herre,0.578708951845571,0.408435494808788,0.6274639965966486,0,0,0,0,0,0
141,guet,0.8496361744517235,0.4974327231143904,0.6809413474879623,0,0,0,1,0,0
141,uff,0.714,0.441,0.657,0,0,0,1,0,0
141,hie,0.1342249255858618,0.5430924605328892,0.2928683012496821,0,0,0,0,1,0
141,kumme,0.5077636222456227,0.4247459181933735,0.4697888562405837,0,0,0,0,0,0
141,schlecht,0.1175853478638209,0.5514232581276504,0.2135308157422666,0,0,0,0,0,0
142,hie,0.1342249255858618,0.5430924605328892,0.2928683012496821,0,0,0,0,1,0
142,Pfarrer,0.5712432783524306,0.2895453364509155,0.6326350824713542,0,0,0,0,0,0
143,Hüs,0.6701485966188446,0.2761480525313476,0.5537241657527012,0,0,0,1,0,0
143,endli,0.583,0.433,0.4650000000000001,0,0,0,0,0,0
143,Vater,0.8024733948546023,0.3443872702128585,0.7925175470585678,0,0,0,0,0,0
143,Herre,0.578708951845571,0.408435494808788,0.6274639965966486,0,0,0,0,0,0
143,lon,0.2778176887927389,0.4746692635370985,0.3003378041080027,0,0,1,0,1,0
144,Herr,0.578708951845571,0.408435494808788,0.6274639965966486,0,0,0,0,0,0
144,lang,0.5280080824659347,0.445728829830827,0.5409882638697031,0,0,0,0,0,0
144,kumme,0.5077636222456227,0.4247459181933735,0.4697888562405837,0,0,0,0,0,0
145,lon,0.2778176887927389,0.4746692635370985,0.3003378041080027,0,0,1,0,1,0
145,Gelte,0.6499868744065399,0.4400937592733975,0.5519009015358126,0,0,0,0,0,0
145,halte,0.3111065596608406,0.4304222742857499,0.3607767117547636,0,0,0,0,0,0
145,mitmache,0.729,0.32,0.769,0,0,0,0,0,0
146,schwärme,0.3976539148453875,0.6007164249334068,0.4201142157097943,0,0,0,0,0,0
146,Dank,0.8426102617392222,0.4470312334146993,0.5270463100391396,0,0,0,0,0,0
146,hie,0.1342249255858618,0.5430924605328892,0.2928683012496821,0,0,0,0,1,0
147,Guet,0.8496361744517235,0.4974327231143904,0.6809413474879623,0,0,0,1,0,0
147,kumme,0.5077636222456227,0.4247459181933735,0.4697888562405837,0,0,0,0,0,0
147,Herr,0.578708951845571,0.408435494808788,0.6274639965966486,0,0,0,0,0,0
148,Herr,0.578708951845571,0.408435494808788,0.6274639965966486,0,0,0,0,0,0
148,guete,0.8496361744517235,0.4974327231143904,0.6809413474879623,0,0,0,1,0,0
148,Frind,0.8439224917513257,0.3955812420939649,0.6481539091680617,0,0,0,0,0,0
148,Fränz,0.4743506503545591,0.3800286271180814,0.3836067057219087,0,0,0,0,0,0
149,bitte,0.292,0.608,0.328,0,0,0,0,0,0
149,leider,0.1123128722815401,0.4489415505834153,0.2382237394800051,0,1,1,0,1,0
149,Herre,0.578708951845571,0.408435494808788,0.6274639965966486,0,0,0,0,0,0
149,Gut,0.8496361744517235,0.4974327231143904,0.6809413474879623,0,0,0,1,0,0
150,nichts,0.204,0.08,0.161,0,0,0,0,1,0
150,gewinnen,0.7049239459580098,0.6410614838482968,0.7448280586694224,0,0,0,1,0,0
150,gelte,0.6499868744065399,0.4400937592733975,0.5519009015358126,0,0,0,0,0,0
150,lehre,0.7742943218874021,0.437706952256585,0.7715888001175496,0,0,0,0,0,0
150,uff,0.714,0.441,0.657,0,0,0,1,0,0
150,schwerer,0.3443119922234137,0.5361400665066939,0.6521988007219501,0,0,0,0,0,0
151,Vater,0.8024733948546023,0.3443872702128585,0.7925175470585678,0,0,0,0,0,0
151,saöt,0.6566453679504511,0.5905904562773836,0.7466200196348174,0,0,0,0,0,0
151,allewyl,0.6185883572349138,0.4931147079616885,0.5466996689288072,0,0,0,0,0,0
151,Simpel,0.2793087470389632,0.4252468642182204,0.2351291544543048,0,0,0,1,0,0
151,gewunne,0.7049239459580098,0.6410614838482968,0.7448280586694224,0,0,0,1,0,0
152,tanze,0.8456622597193847,0.8174005370116605,0.5491167114176384,0,0,0,1,0,0
152,Fräulein,0.5348173046139476,0.4984850434191227,0.3835090792220775,0.0,0.0,0.0,0.0,0.379,0.0
152,Tanz,0.8456622597193847,0.8174005370116605,0.5491167114176384,0,0,0,1,0,0
152,versuchen,0.5400733674752863,0.5324653675407206,0.502861383110614,0,0,0,0,0,0
153,Träum,0.8604660794890974,0.3758434137694771,0.4500381291713533,0,0,0,1,0,0
153,uff,0.714,0.441,0.657,0,0,0,1,0,0
153,Herr,0.578708951845571,0.408435494808788,0.6274639965966486,0,0,0,0,0,0
153,tanze,0.8456622597193847,0.8174005370116605,0.5491167114176384,0,0,0,1,0,0
153,heilig,0.7752312202323515,0.306516452893079,0.7781768273161963,0,0,0,0,0,0
153,vergesse,0.2733659897646198,0.3446951970086845,0.2037784030892053,0,0,0,0,1,0
154,tanze,0.8456622597193847,0.8174005370116605,0.5491167114176384,0,0,0,1,0,0
154,Angst,0.2166713824235038,0.7438871000942455,0.3580124528480291,0,0,1,0,0,0
154,bisse,0.2647777762253495,0.7123758755028105,0.4187673760358534,1,0,0,0,0,0
154,meine,0.7174614274296905,0.4855792551331206,0.6835986364388508,0,0,0,0,0,0
154,Ruhe,0.7165908744208438,0.1765005538663738,0.4090985492045879,0,0,0,1,0,0
155,Herr,0.578708951845571,0.408435494808788,0.6274639965966486,0,0,0,0,0,0
155,Tröpfel,0.082,0.688,0.168,0,0,0,0,1,0
155,Toder,0.0368309599943194,0.6461411734052873,0.3948091962656762,1,1,1,0,1,1
155,lawandi,0.8653858709345161,0.6843880374467093,0.7120841949785368,0,0,0,0,0,0
155,wunderschöne,0.8605605941074645,0.6638613032224124,0.7686636038159562,0,0,0,1,0,1
155,Worten,0.388,0.62,0.526,0,0,0,0,0,0
155,Musik,0.8229904047334586,0.5312048150356923,0.6126543963802963,0,0,0,1,0,0
155,Stelle,0.5679669229177663,0.3622952822170907,0.5242673673171291,0,0,0,0,0,0
155,verfluchten,0.1085063352762746,0.7639268347975757,0.3730532833857456,1,0,1,0,1,0
156,gröeschte,0.722054949727584,0.6360972037422167,0.7801311240052926,0,0,0,0,0,0
156,Vergnüeje,0.8125670627328118,0.6864916137956563,0.6066079190197832,0,0,0,1,0,1
156,komme,0.5077636222456227,0.4247459181933735,0.4697888562405837,0,0,0,0,0,0
156,Ehr,0.8800124365768748,0.6442244755318589,0.7122878105906666,0,0,1,1,0,1
156,Rhümatisse,0.219,0.472,0.418,0,0,0,0,1,0
157,Herr,0.578708951845571,0.408435494808788,0.6274639965966486,0,0,0,0,0,0
157,froh,0.8908789644973816,0.7352218842807234,0.6867651950383649,0.2989537243550825,0.0,0.0,0.7945991714231142,0.0,0.0
158,Recht,0.6400876506878803,0.4089874388986209,0.6300150314500853,0,0,0,0,0,0
158,Herr,0.578708951845571,0.408435494808788,0.6274639965966486,0,0,0,0,0,0
158,lang,0.5280080824659347,0.445728829830827,0.5409882638697031,0,0,0,0,0,0
158,verdammte,0.0880582638686806,0.7706148765611729,0.4499622582050052,1,0,0,0,0,0
159,verdammte,0.0880582638686806,0.7706148765611729,0.4499622582050052,1,0,0,0,0,0
159,Schinder,0.2004860753185201,0.8416749927508569,0.625070916018792,1,0,1,0,1,0
160,Eh,0.8239124741392112,0.5745992485432527,0.7271041919753396,0,0,0,1,0,0
163,Durscht,0.298,0.519,0.307,0,0,0,0,0,0
164,fasse,0.4399612365737694,0.5374114914833615,0.5693167412852054,0,0,0,0,0,0
165,tanz,0.8456622597193847,0.8174005370116605,0.5491167114176384,0,0,0,1,0,0
165,sicher,0.7922928928462181,0.38657381727647,0.7327040768949986,0,0,0,0,0,0
165,mine,0.7174614274296905,0.4855792551331206,0.6835986364388508,0,0,0,0,0,0
167,kumme,0.5077636222456227,0.4247459181933735,0.4697888562405837,0,0,0,0,0,0
167,Worte,0.388,0.62,0.526,0,0,0,0,0,0
167,Schmeer,0.5706582910151707,0.2846887555677483,0.3391218428400373,0,0,0,0,0,0
168,Worten,0.388,0.62,0.526,0,0,0,0,0,0
168,Komm,0.5077636222456227,0.4247459181933735,0.4697888562405837,0,0,0,0,0,0
168,packend,0.6117143941860463,0.6446127341667015,0.6383391473745518,0.0,0.0,0.6385462339884824,0.0,0.4219999999999999,0.0
169,mein,0.7174614274296905,0.4855792551331206,0.6835986364388508,0,0,0,0,0,0
169,Herr,0.578708951845571,0.408435494808788,0.6274639965966486,0,0,0,0,0,0
169,liebenswürdig,0.8703812537333554,0.3617334506568802,0.5526440932842785,0.0,0.0,0.0,0.7729999999999999,0.0,0.0
170,fasse,0.4399612365737694,0.5374114914833615,0.5693167412852054,0,0,0,0,0,0
171,Bitte,0.292,0.608,0.328,0,0,0,0,0,0
171,sehr,0.4774057457928527,0.6834468849599848,0.6094382946126706,0.4374425836602892,0.5459631820353186,0.7464169894654227,0.0,0.6438633914999808,0.0
171,Herrschafte,0.6026393431862074,0.6972339352170577,0.9122991546776066,1,0,0,0,0,0
172,Herr,0.578708951845571,0.408435494808788,0.6274639965966486,0,0,0,0,0,0
173,Herr,0.578708951845571,0.408435494808788,0.6274639965966486,0,0,0,0,0,0
173,Tropfe,0.3848133362369537,0.278688252297014,0.2266267764168895,0,1,1,0,0,0
175,Fasenacht,0.927,0.888,0.555,0,0,0,1,0,0
176,campagne,0.5714153886254082,0.7011384653225683,0.7876769277082178,0,0,0,0,0,0
178,Fräulein,0.5348173046139476,0.4984850434191227,0.3835090792220775,0.0,0.0,0.0,0.0,0.379,0.0
179,Lache,0.8952774323956044,0.5837032431941391,0.5531539959162745,0,0,0,1,0,0
179,iwerfahre,0.2532129895266239,0.6563125055068026,0.4241308809276511,0,0,0,0,0,0
180,Herre,0.578708951845571,0.408435494808788,0.6274639965966486,0,0,0,0,0,0
180,Ja,0.731982479119855,0.6402102505617395,0.4381250409322417,0,0,0,1,0,0
180,lon,0.2778176887927389,0.4746692635370985,0.3003378041080027,0,0,1,0,1,0
180,sicher,0.7922928928462181,0.38657381727647,0.7327040768949986,0,0,0,0,0,0
182,uff,0.714,0.441,0.657,0,0,0,1,0,0
182,gerade,0.6993651460488204,0.3954513279714086,0.6519229691474666,0,0,0,0,0,0
182,überfuhr,0.1895567885736918,0.7643483267222186,0.4797108652065625,1,1,1,0,1,0
182,Geischt,0.7001360097906396,0.3757498207729483,0.5914842533655323,0,0,0,1,0,0
182,aufgab,0.122852010880336,0.4165360284562635,0.1956640133911828,0,0,1,0,1,1
182,Guet,0.8496361744517235,0.4974327231143904,0.6809413474879623,0,0,0,1,0,0
183,Herr,0.578708951845571,0.408435494808788,0.6274639965966486,0,0,0,0,0,0
183,grad,0.6993651460488204,0.3954513279714086,0.6519229691474666,0,0,0,0,0,0
183,gläub,0.8294008769580371,0.3561173479361921,0.7427254757342471,0,0,0,0,0,0
183,Deifel,0.1964747246227071,0.7670985862104137,0.5501480338809785,1,1,1,0,1,0
183,Ja,0.731982479119855,0.6402102505617395,0.4381250409322417,0,0,0,1,0,0
183,uff,0.714,0.441,0.657,0,0,0,1,0,0
184,Recht,0.6400876506878803,0.4089874388986209,0.6300150314500853,0,0,0,0,0,0
184,recht,0.6400876506878803,0.4089874388986209,0.6300150314500853,0,0,0,0,0,0
184,Ja,0.731982479119855,0.6402102505617395,0.4381250409322417,0,0,0,1,0,0
184,leid,0.1041798939570025,0.7457333063855398,0.3370364616716791,1,1,1,0,1,0
184,bitte,0.292,0.608,0.328,0,0,0,0,0,0
184,meine,0.7174614274296905,0.4855792551331206,0.6835986364388508,0,0,0,0,0,0
184,nichts,0.204,0.08,0.161,0,0,0,0,1,0
185,Ehr,0.8800124365768748,0.6442244755318589,0.7122878105906666,0,0,1,1,0,1
185,guten,0.872429815220587,0.4282210752474073,0.6427907698086798,0,0,0,1,0,0
185,Herr,0.578708951845571,0.408435494808788,0.6274639965966486,0,0,0,0,0,0
185,Doktor,0.6361058512675609,0.4958126553545374,0.8243866476965048,0,0,0,0,0,0
186,scheeni,0.7289983277978773,0.453316804682258,0.5549619459797869,0,0,0,0,0,0
186,gemacht,0.683,0.333,0.618,0,0,0,0,0,0
186,Herr,0.578708951845571,0.408435494808788,0.6274639965966486,0,0,0,0,0,0
187,Herr,0.578708951845571,0.408435494808788,0.6274639965966486,0,0,0,0,0,0
187,vergessen,0.2733659897646198,0.3446951970086845,0.2037784030892053,0,0,0,0,1,0
188,effet,0.276,0.612,0.357,0,0,0,0,0,1
188,Richtig,0.7997621061227346,0.380252573270382,0.741456901687436,0,0,0,0,0,0
189,recht,0.6400876506878803,0.4089874388986209,0.6300150314500853,0,0,0,0,0,0
189,Herr,0.578708951845571,0.408435494808788,0.6274639965966486,0,0,0,0,0,0
189,Tochter,0.8015311659203683,0.4596244203361964,0.4456991918508667,0,0,0,1,0,0
189,Fräulein,0.5348173046139476,0.4984850434191227,0.3835090792220775,0.0,0.0,0.0,0.0,0.379,0.0
189,miner,0.7174614274296905,0.4855792551331206,0.6835986364388508,0,0,0,0,0,0
189,Schwarz,0.3093252502169902,0.4397719370354602,0.356958375770949,0,0,0,0,0,0
190,Famile,0.9073537505398426,0.3805624497805403,0.6257421444462253,0,0,0,1,0,0
190,Herr,0.578708951845571,0.408435494808788,0.6274639965966486,0,0,0,0,0,0
190,miner,0.7174614274296905,0.4855792551331206,0.6835986364388508,0,0,0,0,0,0
190,Babbe,0.784256236269689,0.3661624675838873,0.7323155307974878,0,0,0,0,0,0
190,gueter,0.8496361744517235,0.4974327231143904,0.6809413474879623,0,0,0,1,0,0
190,mitnander,0.8004800063959762,0.426066672788339,0.6630597828532812,0,0,0,0,0,0
190,Jury,0.479,0.607,0.789,0.0,0.0,0.0,0.0,0.0,0.0
190,uff,0.714,0.441,0.657,0,0,0,1,0,0
191,iwwel,0.1236177284063167,0.6616106726587441,0.3877657383225599,1,1,1,0,1,0
191,G'schpass,0.8651475386260272,0.6943164222309121,0.6551791520253809,0,0,0,1,0,0
191,verrote,0.2793881398893661,0.6251793695026806,0.4692934631245603,1,1,0,0,0,0
192,loss,0.2778176887927389,0.4746692635370985,0.3003378041080027,0,0,1,0,1,0
192,Tochter,0.8015311659203683,0.4596244203361964,0.4456991918508667,0,0,0,1,0,0
192,Herr,0.578708951845571,0.408435494808788,0.6274639965966486,0,0,0,0,0,0
192,unfehlbar,0.625,0.635,0.594,0,0,0,0,0,0
192,Lächerlich,0.2614667615833635,0.6120424356113209,0.2850810605455232,0,0,0,0,0,0
192,Einfach,0.6363768365508712,0.2218092095515824,0.4644757325212782,0,0,0,0,0,0
192,lächerlich,0.2614667615833635,0.6120424356113209,0.2850810605455232,0,0,0,0,0,0
193,sehr,0.4774057457928527,0.6834468849599848,0.6094382946126706,0.4374425836602892,0.5459631820353186,0.7464169894654227,0.0,0.6438633914999808,0.0
193,gespannt,0.122,0.6559999999999999,0.58,0,0,0,0,0,0
193,halte,0.3111065596608406,0.4304222742857499,0.3607767117547636,0,0,0,0,0,0
193,gut,0.8496361744517235,0.4974327231143904,0.6809413474879623,0,0,0,1,0,0
194,guet,0.8496361744517235,0.4974327231143904,0.6809413474879623,0,0,0,1,0,0
194,Pris,0.6583436192282394,0.5115988439828159,0.5001845003807307,0,0,0,1,0,0
194,bekumme,0.6634883033052841,0.5250221118211815,0.6400411110603296,0,0,0,0,0,0
194,nejgeerig,0.635,0.6,0.483,0,0,0,0,0,0
195,uff,0.714,0.441,0.657,0,0,0,1,0,0
195,Mänung,0.6587610783670992,0.3370812970690128,0.5648516272739867,0,0,0,0,0,0
195,Pris,0.6583436192282394,0.5115988439828159,0.5001845003807307,0,0,0,1,0,0
195,bekumme,0.6634883033052841,0.5250221118211815,0.6400411110603296,0,0,0,0,0,0
195,verruckt,0.4648808464218641,0.6157313407181705,0.4917778806440256,0,0,0,0,0,1
195,Gueter,0.8496361744517235,0.4974327231143904,0.6809413474879623,0,0,0,1,0,0
196,meiner,0.7174614274296905,0.4855792551331206,0.6835986364388508,0,0,0,0,0,0
196,Dame,0.6741537947485023,0.4713769574170061,0.5231645897606956,0,0,0,0,0,0
196,Herre,0.578708951845571,0.408435494808788,0.6274639965966486,0,0,0,0,0,0
197,glaub,0.8294008769580371,0.3561173479361921,0.7427254757342471,0,0,0,0,0,0
197,trumpier,0.1516980869478496,0.7473596284563718,0.4163138466717698,1,0,0,0,0,0
197,Ja,0.731982479119855,0.6402102505617395,0.4381250409322417,0,0,0,1,0,0
199,uff,0.714,0.441,0.657,0,0,0,1,0,0
199,Herre,0.578708951845571,0.408435494808788,0.6274639965966486,0,0,0,0,0,0
199,G'spass,0.8651475386260272,0.6943164222309121,0.6551791520253809,0,0,0,1,0,0
200,unglicklich,0.1367222228635606,0.520884796077391,0.2528109058981154,0,0,0,0,1,0
200,Gedicht,0.7982175649945338,0.3712117962886895,0.4845326510829199,0,0,0,0,0,0
200,gemacht,0.683,0.333,0.618,0,0,0,0,0,0
200,Lehrer,0.6952346319440735,0.4247508854164138,0.7350689841819658,0,0,0,0,0,0
200,Tadel,0.1393215823967311,0.6729684529510895,0.4400193687212542,0.6704693107514812,0.0,0.0,0.0,0.0,0.0
200,Unaufmerksamkeit,0.208,0.433,0.188,0.121,0.0,0.0,0.0,0.0,0.0
201,schweri,0.3443119922234137,0.5361400665066939,0.6521988007219501,0,0,0,0,0,0
201,uff,0.714,0.441,0.657,0,0,0,1,0,0
201,Gewisse,0.6721177386318596,0.3954063674141619,0.7596418446778811,0,0,0,0,0,0
201,guet,0.8496361744517235,0.4974327231143904,0.6809413474879623,0,0,0,1,0,0
201,nett,0.6979126919978749,0.4267091856351313,0.5186038715222939,0,0,0,0,0,0
201,luschti,0.6371364475797999,0.6201763060292707,0.5895715130371053,0,0,0,0,0,0
201,Wort,0.388,0.62,0.526,0,0,0,0,0,0
201,Engele,0.906,0.158,0.704,0,0,0,1,0,0
201,Himmel,0.8393195679756454,0.3308470608345092,0.5762111783814887,0,0,0,1,0,0
202,lange,0.5280080824659347,0.445728829830827,0.5409882638697031,0,0,0,0,0,0
202,Richtig,0.7997621061227346,0.380252573270382,0.741456901687436,0,0,0,0,0,0
203,stolz,0.7289999999999999,0.634,0.848,0,0,0,1,0,0
203,uff,0.714,0.441,0.657,0,0,0,1,0,0
203,mine,0.7174614274296905,0.4855792551331206,0.6835986364388508,0,0,0,0,0,0
203,lange,0.5280080824659347,0.445728829830827,0.5409882638697031,0,0,0,0,0,0
203,Verwunderung,0.698,0.735,0.733,0.562,0.0,0.43,0.0,0.0,0.0
203,verlore,0.188,0.558,0.259,0,0,0,0,0,0
203,gän,0.5311555130794368,0.379209400082775,0.6433193632821606,0,0,0,0,0,0
203,gemacht,0.683,0.333,0.618,0,0,0,0,0,0
204,scheene,0.7289983277978773,0.453316804682258,0.5549619459797869,0,0,0,0,0,0
205,scheeni,0.7289983277978773,0.453316804682258,0.5549619459797869,0,0,0,0,0,0
206,gän,0.5311555130794368,0.379209400082775,0.6433193632821606,0,0,0,0,0,0
206,nejgierig,0.635,0.6,0.483,0,0,0,0,0,0
207,charmante,0.884350989496839,0.5582166296526871,0.6678395870520876,0,0,0,1,0,0
207,Herrschafte,0.6026393431862074,0.6972339352170577,0.9122991546776066,1,0,0,0,0,0
207,gerischt,0.6994310841857293,0.4824299056375211,0.6504717813377588,0,0,0,0,0,0
207,böes,0.1610501832179356,0.6762431795778725,0.4450228033017753,1,1,1,0,1,0
207,uff,0.714,0.441,0.657,0,0,0,1,0,0
208,famille,0.9073537505398426,0.3805624497805403,0.6257421444462253,0,0,0,1,0,0
208,binand,0.8004800063959763,0.426066672788339,0.663059782853281,0,0,0,0,0,0
208,kumme,0.5077636222456227,0.4247459181933735,0.4697888562405837,0,0,0,0,0,0
208,guet,0.8496361744517235,0.4974327231143904,0.6809413474879623,0,0,0,1,0,0
209,Reed,0.388,0.62,0.526,0,0,0,0,0,0
209,Chance,0.7313121035029704,0.6161739823203446,0.7608008032784348,0,0,0,0,0,0
209,Pris,0.6583436192282394,0.5115988439828159,0.5001845003807307,0,0,0,1,0,0
209,bekumme,0.6634883033052841,0.5250221118211815,0.6400411110603296,0,0,0,0,0,0
209,ausgeschlossen,0.061,0.54,0.134,0,0,0,0,1,0
209,Möglichkeit,0.812467693979008,0.5318652067022855,0.682188266912206,0.0,0.0,0.0,0.0,0.0,0.0
209,sehr,0.4774057457928527,0.6834468849599848,0.6094382946126706,0.4374425836602892,0.5459631820353186,0.7464169894654227,0.0,0.6438633914999808,0.0
209,Wahrscheinlichkeit,0.673,0.365,0.651,0.0,0.0,0.0,0.0,0.0,0.0
209,bestimmte,0.6644683715863878,0.3890193969821381,0.6934323882957336,0,0,0,0,0,0
210,Herr,0.578708951845571,0.408435494808788,0.6274639965966486,0,0,0,0,0,0
210,Vater,0.8024733948546023,0.3443872702128585,0.7925175470585678,0,0,0,0,0,0
210,grad,0.6993651460488204,0.3954513279714086,0.6519229691474666,0,0,0,0,0,0
211,Herr,0.578708951845571,0.408435494808788,0.6274639965966486,0,0,0,0,0,0
211,recht,0.6400876506878803,0.4089874388986209,0.6300150314500853,0,0,0,0,0,0
211,Fräid,0.7318896974235932,0.8082638102553833,0.64104483732925,0,0,0,1,0,1
211,Vater,0.8024733948546023,0.3443872702128585,0.7925175470585678,0,0,0,0,0,0
212,Guete,0.8496361744517235,0.4974327231143904,0.6809413474879623,0,0,0,1,0,0
212,Herr,0.578708951845571,0.408435494808788,0.6274639965966486,0,0,0,0,0,0
212,Hochzitterei,0.8202091398626887,0.6562033168607273,0.6781654294143106,0,0,0,1,0,0
213,recht,0.6400876506878803,0.4089874388986209,0.6300150314500853,0,0,0,0,0,0
213,besorgt,0.2431225971177161,0.6824790010438743,0.3820594061329038,0,0,0,0,0,0
213,Verstanden,0.7543062608133073,0.3721223486062517,0.6101052771545744,0,0,0,1,0,0
213,Ja,0.731982479119855,0.6402102505617395,0.4381250409322417,0,0,0,1,0,0
214,Ja,0.731982479119855,0.6402102505617395,0.4381250409322417,0,0,0,1,0,0
214,Schlappe,0.3232272018081994,0.3793717026610235,0.3129563585044675,0.0,0.555,0.0,0.0,0.0,0.0
214,Uhr,0.602712717697481,0.2947610793942761,0.4355692194348147,0,0,0,0,0,0
214,nichts,0.204,0.08,0.161,0,0,0,0,1,0
214,recht,0.6400876506878803,0.4089874388986209,0.6300150314500853,0,0,0,0,0,0
214,kommen,0.5077636222456227,0.4247459181933735,0.4697888562405837,0,0,0,0,0,0
215,wohl,0.8732198670753948,0.2763132148600918,0.536133422305439,0,0,0,1,0,0
215,nichts,0.204,0.08,0.161,0,0,0,0,1,0
215,lange,0.5280080824659347,0.445728829830827,0.5409882638697031,0,0,0,0,0,0
216,Gut,0.8496361744517235,0.4974327231143904,0.6809413474879623,0,0,0,1,0,0
216,führen,0.5164786628521122,0.5214711722737417,0.5636114544772409,0,0,0,0,0,0
216,Ehre,0.896,0.587,0.857,0,0,0,0,0,0
216,Vergnügen,0.7579794554333271,0.6585384785976895,0.5964222255194827,0.0,0.0,0.0,0.838598445904095,0.0,0.0
217,Herr,0.578708951845571,0.408435494808788,0.6274639965966486,0,0,0,0,0,0
217,zefridde,0.9415519635393872,0.611381250605775,0.7347943350099368,0,0,0,1,0,0
217,Fränz,0.4743506503545591,0.3800286271180814,0.3836067057219087,0,0,0,0,0,0
217,grad,0.6993651460488204,0.3954513279714086,0.6519229691474666,0,0,0,0,0,0
218,Hüs,0.6701485966188446,0.2761480525313476,0.5537241657527012,0,0,0,1,0,0
218,letz,0.191529310702813,0.5131840071207212,0.2766226559516623,0,0,0,0,0,0
218,Macht,0.68379825951501,0.6199716662985846,0.930841865831902,0.0,0.0,0.0,0.0,0.0,0.0
218,saöt,0.6566453679504511,0.5905904562773836,0.7466200196348174,0,0,0,0,0,0
218,kumme,0.5077636222456227,0.4247459181933735,0.4697888562405837,0,0,0,0,0,0
218,kranki,0.1062634816830987,0.4742947206969274,0.1595300234201095,0,1,1,0,1,0
219,Herr,0.578708951845571,0.408435494808788,0.6274639965966486,0,0,0,0,0,0
220,Herre,0.578708951845571,0.408435494808788,0.6274639965966486,0,0,0,0,0,0
220,halt,0.3111065596608406,0.4304222742857499,0.3607767117547636,0,0,0,0,0,0
221,Kriz,0.4513221945312947,0.3287429663041927,0.5504292388840927,1,0,0,0,0,0
221,bekumme,0.6634883033052841,0.5250221118211815,0.6400411110603296,0,0,0,0,0,0
221,uff,0.714,0.441,0.657,0,0,0,1,0,0
221,Herr,0.578708951845571,0.408435494808788,0.6274639965966486,0,0,0,0,0,0
221,Morje,0.595224134951048,0.381812331833792,0.4085490003101959,0,0,0,0,0,0
221,fette,0.3222553263395115,0.4000158456869621,0.3122210819586394,0,1,0,0,0,0
222,grad,0.6993651460488204,0.3954513279714086,0.6519229691474666,0,0,0,0,0,0
222,kumme,0.5077636222456227,0.4247459181933735,0.4697888562405837,0,0,0,0,0,0
222,rächt,0.8067346087333439,0.4109043538023655,0.7358541024208732,0,0,0,0,0,0
222,bekumme,0.6634883033052841,0.5250221118211815,0.6400411110603296,0,0,0,0,0,0
222,Dolle,0.1457761410361437,0.6375919798698528,0.2895110474301861,0.6905515235702571,0.594,0.6152509003683303,0.0,0.368,0.0
223,Hoft,0.588502276943852,0.4301694184023261,0.5108852488183643,0,0,0,0,0,0
223,Wort,0.388,0.62,0.526,0,0,0,0,0,0
223,Vermöje,0.8719382000345459,0.7099375828178721,0.8330531140236606,0,0,0,1,0,0
223,glickli,0.99,0.76,0.806,0,0,0,1,0,0
223,schade,0.1573031831829046,0.7645264208470598,0.364317050164718,0,0,0,0,1,0
223,G'schiedheit,0.8330000000000001,0.587,0.885,0,0,0,0,0,0
224,Schleck,0.47,0.482,0.33,0,0,0,0,0,0
224,sicher,0.7922928928462181,0.38657381727647,0.7327040768949986,0,0,0,0,0,0
225,recht,0.6400876506878803,0.4089874388986209,0.6300150314500853,0,0,0,0,0,0
225,Fränz,0.4743506503545591,0.3800286271180814,0.3836067057219087,0,0,0,0,0,0
225,Herr,0.578708951845571,0.408435494808788,0.6274639965966486,0,0,0,0,0,0
225,Wort,0.388,0.62,0.526,0,0,0,0,0,0
225,kumme,0.5077636222456227,0.4247459181933735,0.4697888562405837,0,0,0,0,0,0
225,grad,0.6993651460488204,0.3954513279714086,0.6519229691474666,0,0,0,0,0,0
226,racht,0.8067346087333439,0.4109043538023655,0.7358541024208732,0,0,0,0,0,0
226,Fräid,0.7318896974235932,0.8082638102553833,0.64104483732925,0,0,0,1,0,1
226,Bitte,0.292,0.608,0.328,0,0,0,0,0,0
226,Gelte,0.6499868744065399,0.4400937592733975,0.5519009015358126,0,0,0,0,0,0
226,spanne,0.3794382912438075,0.502503634774727,0.6275206444513901,0,0,0,0,0,0
226,Tat,0.5466356538533792,0.3370267620328144,0.596955413764864,0,0,0,0,0,0
226,sehr,0.4774057457928527,0.6834468849599848,0.6094382946126706,0.4374425836602892,0.5459631820353186,0.7464169894654227,0.0,0.6438633914999808,0.0
226,gespannt,0.122,0.6559999999999999,0.58,0,0,0,0,0,0
226,Eh,0.8239124741392112,0.5745992485432527,0.7271041919753396,0,0,0,1,0,0
226,länger,0.5280080824659347,0.445728829830827,0.5409882638697031,0,0,0,0,0,0
227,Ja,0.731982479119855,0.6402102505617395,0.4381250409322417,0,0,0,1,0,0
227,Pris,0.6583436192282394,0.5115988439828159,0.5001845003807307,0,0,0,1,0,0
227,uff,0.714,0.441,0.657,0,0,0,1,0,0
227,schlecke,0.47,0.482,0.33,0,0,0,0,0,0
228,wahnsinnig,0.2192887051880313,0.7458681615848591,0.4214740788765029,0.6914047016082976,0.594,0.6153267614347715,0.0,0.368,0.0
228,Begriff,0.605037197988981,0.3370212430868423,0.6553589757187678,0,0,0,0,0,0
228,Herr,0.578708951845571,0.408435494808788,0.6274639965966486,0,0,0,0,0,0
228,uff,0.714,0.441,0.657,0,0,0,1,0,0
228,Deifel,0.1964747246227071,0.7670985862104137,0.5501480338809785,1,1,1,0,1,0
228,armi,0.2572765000430282,0.3578474399397928,0.1781815619116662,0,0,0,0,1,0
228,Seel,0.77,0.22,0.51,0,0,0,0,0,0
228,grad,0.6993651460488204,0.3954513279714086,0.6519229691474666,0,0,0,0,0,0
228,Fränz,0.4743506503545591,0.3800286271180814,0.3836067057219087,0,0,0,0,0,0
228,frisch,0.6395283186751481,0.6990916113422401,0.650442402707387,0,0,0,0,0,0
229,loss,0.2778176887927389,0.4746692635370985,0.3003378041080027,0,0,1,0,1,0
229,Fränz,0.4743506503545591,0.3800286271180814,0.3836067057219087,0,0,0,0,0,0
229,helfe,0.833,0.435,0.629,0,0,0,0,0,0
229,Herr,0.578708951845571,0.408435494808788,0.6274639965966486,0,0,0,0,0,0
229,gän,0.5311555130794368,0.379209400082775,0.6433193632821606,0,0,0,0,0,0
229,Öffe,0.4839013454975716,0.4568034575687313,0.4991680545707653,0,0,0,0,0,0
230,Landwirtschaft,0.6243200837064993,0.4171431964230984,0.5317499083942652,0.0,0.0,0.0,0.0,0.0,0.0
230,Tochter,0.8015311659203683,0.4596244203361964,0.4456991918508667,0,0,0,1,0,0
230,angenehmer,0.9005217866338665,0.4682571197517294,0.6576494738723793,0,0,0,1,0,0
230,Herr,0.578708951845571,0.408435494808788,0.6274639965966486,0,0,0,0,0,0
230,abläufe,0.5245759597941462,0.4673978126587899,0.4776376859525248,0,1,0,0,1,0
230,gälte,0.6499868744065399,0.4400937592733975,0.5519009015358126,0,0,0,0,0,0
231,Fränz,0.4743506503545591,0.3800286271180814,0.3836067057219087,0,0,0,0,0,0
231,Sehn,0.6966559674896479,0.352506754720856,0.5539071429655887,0,0,0,0,0,0
231,miner,0.7174614274296905,0.4855792551331206,0.6835986364388508,0,0,0,0,0,0
231,loss,0.2778176887927389,0.4746692635370985,0.3003378041080027,0,0,1,0,1,0
231,verliebt,0.8386148944089284,0.6378289949300633,0.6574416259510449,0,0,0,0,0,0
232,Sehn,0.6966559674896479,0.352506754720856,0.5539071429655887,0,0,0,0,0,0
232,grad,0.6993651460488204,0.3954513279714086,0.6519229691474666,0,0,0,0,0,0
232,guet,0.8496361744517235,0.4974327231143904,0.6809413474879623,0,0,0,1,0,0
232,liewer,0.9225340379853786,0.5644888482254989,0.6576320434448562,0,0,0,1,0,0
232,scheener,0.7289983277978773,0.453316804682258,0.5549619459797869,0,0,0,0,0,0
233,sicher,0.7922928928462181,0.38657381727647,0.7327040768949986,0,0,0,0,0,0
233,wohr,0.8235551257078202,0.4120878812309737,0.7469588919461928,0,0,0,0,0,0
233,uff,0.714,0.441,0.657,0,0,0,1,0,0
233,Babbe,0.784256236269689,0.3661624675838873,0.7323155307974878,0,0,0,0,0,0
233,mine,0.7174614274296905,0.4855792551331206,0.6835986364388508,0,0,0,0,0,0
233,gän,0.5311555130794368,0.379209400082775,0.6433193632821606,0,0,0,0,0,0
234,Engel,0.906,0.158,0.704,0,0,0,1,0,0
234,bekumm,0.6634883033052841,0.5250221118211815,0.6400411110603296,0,0,0,0,0,0
235,Ja,0.731982479119855,0.6402102505617395,0.4381250409322417,0,0,0,1,0,0
235,bereuj,0.323001635548403,0.3939991135239008,0.2460019458150377,0,0,0,0,0,0
235,Guet,0.8496361744517235,0.4974327231143904,0.6809413474879623,0,0,0,1,0,0
235,halt,0.3111065596608406,0.4304222742857499,0.3607767117547636,0,0,0,0,0,0
235,gän,0.5311555130794368,0.379209400082775,0.6433193632821606,0,0,0,0,0,0
235,Schlimmer,0.0898769761564491,0.6621358342702067,0.2465395243109512,0,0,0,0,0,0
235,gläub,0.8294008769580371,0.3561173479361921,0.7427254757342471,0,0,0,0,0,0
236,Herr,0.578708951845571,0.408435494808788,0.6274639965966486,0,0,0,0,0,0
236,Vater,0.8024733948546023,0.3443872702128585,0.7925175470585678,0,0,0,0,0,0
236,kumme,0.5077636222456227,0.4247459181933735,0.4697888562405837,0,0,0,0,0,0
237,gemacht,0.683,0.333,0.618,0,0,0,0,0,0
237,uff,0.714,0.441,0.657,0,0,0,1,0,0
238,Pfohl,0.200995588910757,0.5255999217601071,0.2017095182510767,0.516,0.4490107181671164,0.0,0.0,0.0,0.0
238,grad,0.6993651460488204,0.3954513279714086,0.6519229691474666,0,0,0,0,0,0
238,recht,0.6400876506878803,0.4089874388986209,0.6300150314500853,0,0,0,0,0,0
238,Ja,0.731982479119855,0.6402102505617395,0.4381250409322417,0,0,0,1,0,0
239,gemacht,0.683,0.333,0.618,0,0,0,0,0,0
239,Ja,0.731982479119855,0.6402102505617395,0.4381250409322417,0,0,0,1,0,0
239,gewalti,0.7045686818621478,0.6606900796981651,0.8679000566292808,0,0,0,1,0,1
239,lang,0.5280080824659347,0.445728829830827,0.5409882638697031,0,0,0,0,0,0
239,fieri,0.3958092563338593,0.6695266635712082,0.5704964109996019,1,0,0,0,0,0
241,hiele,0.053,0.621,0.164,0,0,0,0,1,0
241,kumme,0.5077636222456227,0.4247459181933735,0.4697888562405837,0,0,0,0,0,0
242,Dank,0.8426102617392222,0.4470312334146993,0.5270463100391396,0,0,0,0,0,0
242,geträuje,0.3500528838524181,0.4588636812921876,0.2102649919839922,0,0,0,0,0,0
242,loss,0.2778176887927389,0.4746692635370985,0.3003378041080027,0,0,1,0,1,0
242,leid,0.1041798939570025,0.7457333063855398,0.3370364616716791,1,1,1,0,1,0
242,halt,0.3111065596608406,0.4304222742857499,0.3607767117547636,0,0,0,0,0,0
242,guet,0.8496361744517235,0.4974327231143904,0.6809413474879623,0,0,0,1,0,0
243,Ja,0.731982479119855,0.6402102505617395,0.4381250409322417,0,0,0,1,0,0
243,Gleis,0.47,0.5,0.526,0.406,0.0,0.0,0.0,0.0,0.0
243,Ganz,0.8004800063959763,0.426066672788339,0.663059782853281,0,0,0,0,0,0
243,sicher,0.7922928928462181,0.38657381727647,0.7327040768949986,0,0,0,0,0,0
243,loss,0.2778176887927389,0.4746692635370985,0.3003378041080027,0,0,1,0,1,0
243,nejgeerig,0.635,0.6,0.483,0,0,0,0,0,0
244,sicher,0.7922928928462181,0.38657381727647,0.7327040768949986,0,0,0,0,0,0
244,böes,0.1610501832179356,0.6762431795778725,0.4450228033017753,1,1,1,0,1,0
245,zamme,0.8179675220088382,0.4179635713275427,0.6618562700894817,0,0,0,0,0,0
245,Mann,0.6823910126043574,0.4558851289245935,0.6389380917951913,0,0,0,0,0,0
245,dumm,0.2504457992195376,0.4047137068345491,0.1975361692273941,0,0,0,1,0,0
245,Dolle,0.1457761410361437,0.6375919798698528,0.2895110474301861,0.6905515235702571,0.594,0.6152509003683303,0.0,0.368,0.0
246,Satan,0.2983079007169907,0.6704620347619887,0.4848218097218641,0.234,0.258,0.25,0.0,0.0,0.0
246,versproche,0.7024730982651397,0.4859994003035264,0.6388667753251007,0,0,0,0,0,0
246,guet,0.8496361744517235,0.4974327231143904,0.6809413474879623,0,0,0,1,0,0
247,scheener,0.7289983277978773,0.453316804682258,0.5549619459797869,0,0,0,0,0,0
247,Schmitz,0.9102533610225078,0.7525625227150285,0.6244637425387812,0,0,0,1,0,0
247,gän,0.5311555130794368,0.379209400082775,0.6433193632821606,0,0,0,0,0,0
247,Deihenker,0.2249972221879631,0.7364474878203958,0.5445287482061058,1,1,1,0,1,0
248,Schmutz,0.9102533610225078,0.7525625227150285,0.6244637425387812,0,0,0,1,0,0
248,gän,0.5311555130794368,0.379209400082775,0.6433193632821606,0,0,0,0,0,0
248,fuerichter,0.1853924475096799,0.6994021471485504,0.3758399235577108,0,0,1,0,0,0
249,Zeit,0.5505765840004807,0.3075056509901578,0.5648357925502997,0,0,0,0,0,0
249,sonderbare,0.3453712608876056,0.6365615250661201,0.4554069165560559,0,0,0,0,0,1
249,Bräutigam,0.809,0.736,0.527,0.0,0.0,0.0,0.469,0.0,0.0
249,Freund,0.8439224917513257,0.3955812420939649,0.6481539091680617,0,0,0,0,0,0
249,guet,0.8496361744517235,0.4974327231143904,0.6809413474879623,0,0,0,1,0,0
250,Vater,0.8024733948546023,0.3443872702128585,0.7925175470585678,0,0,0,0,0,0
250,Herr,0.578708951845571,0.408435494808788,0.6274639965966486,0,0,0,0,0,0
250,Herre,0.578708951845571,0.408435494808788,0.6274639965966486,0,0,0,0,0,0
251,Ja,0.731982479119855,0.6402102505617395,0.4381250409322417,0,0,0,1,0,0
251,Leiter,0.605114747372825,0.6147183224935098,0.7377390861957973,0,0,0,0,0,0
251,Glick,0.7670238935268203,0.5182458914540878,0.5645173712253149,0,0,0,0,0,1
251,unte,0.3793765577845941,0.2779247936724607,0.2707187055735737,0,0,0,0,0,0
251,Herr,0.578708951845571,0.408435494808788,0.6274639965966486,0,0,0,0,0,0
251,gedenken,0.812,0.602,0.636,0,0,0,0,0,0
252,unvergesslicher,0.8851868396032618,0.5358912375493741,0.7136638256297693,0,0,0,0,0,0
252,geben,0.795,0.333,0.585,0,0,0,0,0,0
252,voller,0.1157735820327027,0.8360965730370732,0.2479354516859317,0,1,0,0,0,0
252,Richti,0.7997621061227346,0.380252573270382,0.741456901687436,0,0,0,0,0,0
253,Richtig,0.7997621061227346,0.380252573270382,0.741456901687436,0,0,0,0,0,0
253,langen,0.5280080824659347,0.445728829830827,0.5409882638697031,0,0,0,0,0,0
253,Teufel,0.1964747246227071,0.7670985862104137,0.5501480338809785,1,1,1,0,1,0
254,unfehlbar,0.625,0.635,0.594,0,0,0,0,0,0
254,mine,0.7174614274296905,0.4855792551331206,0.6835986364388508,0,0,0,0,0,0
254,gerischt,0.6994310841857293,0.4824299056375211,0.6504717813377588,0,0,0,0,0,0
254,lon,0.2778176887927389,0.4746692635370985,0.3003378041080027,0,0,1,0,1,0
254,kalt,0.1972412906564966,0.4525560554305092,0.4101232158302396,0,0,0,0,0,0
254,Herr,0.578708951845571,0.408435494808788,0.6274639965966486,0,0,0,0,0,0
255,junge,0.6613889333102907,0.4584467116080536,0.427860028045464,0,0,0,0,0,0
255,uff,0.714,0.441,0.657,0,0,0,1,0,0
255,Herre,0.578708951845571,0.408435494808788,0.6274639965966486,0,0,0,0,0,0
255,Deihenker,0.2249972221879631,0.7364474878203958,0.5445287482061058,1,1,1,0,1,0
255,Nichts,0.204,0.08,0.161,0,0,0,0,1,0
255,Herr,0.578708951845571,0.408435494808788,0.6274639965966486,0,0,0,0,0,0
256,Herr,0.578708951845571,0.408435494808788,0.6274639965966486,0,0,0,0,0,0
256,scheinen,0.8072695738025952,0.6489658986666108,0.6903723552375505,0,0,0,1,0,0
256,falsch,0.2622920797418359,0.5357194852850767,0.4426946189139666,0,0,0,0,0,0
256,verstehen,0.8169735449969113,0.3689339639693548,0.6742695061535368,0,0,0,0,0,0
256,mein,0.7174614274296905,0.4855792551331206,0.6835986364388508,0,0,0,0,0,0
256,meinen,0.7174614274296905,0.4855792551331206,0.6835986364388508,0,0,0,0,0,0
256,Besuch,0.6952458170410636,0.4526657988740659,0.4939923173328185,0,0,0,0,0,0
257,Herr,0.578708951845571,0.408435494808788,0.6274639965966486,0,0,0,0,0,0
258,ungläubige,0.2176989597713033,0.5773620263896234,0.3698729003398866,0,1,1,0,0,0
258,neugierig,0.635,0.6,0.483,0,0,0,0,0,0
258,Glauben,0.8294008769580371,0.3561173479361921,0.7427254757342471,0,0,0,0,0,0
258,einfach,0.6363768365508712,0.2218092095515824,0.4644757325212782,0,0,0,0,0,0
258,Herr,0.578708951845571,0.408435494808788,0.6274639965966486,0,0,0,0,0,0
259,Ja,0.731982479119855,0.6402102505617395,0.4381250409322417,0,0,0,1,0,0
259,Herr,0.578708951845571,0.408435494808788,0.6274639965966486,0,0,0,0,0,0
260,Herr,0.578708951845571,0.408435494808788,0.6274639965966486,0,0,0,0,0,0
261,Ja,0.731982479119855,0.6402102505617395,0.4381250409322417,0,0,0,1,0,0
261,Herr,0.578708951845571,0.408435494808788,0.6274639965966486,0,0,0,0,0,0
261,fiehre,0.5164786628521122,0.5214711722737417,0.5636114544772409,0,0,0,0,0,0
261,Fränz,0.4743506503545591,0.3800286271180814,0.3836067057219087,0,0,0,0,0,0
261,Flint,0.2555825286720349,0.9030436949881224,0.7228348844692725,0,0,1,0,0,0
261,Ratte,0.3776976339312798,0.5145709902234228,0.3249053463687695,0,1,0,0,0,0
261,scheess,0.1057807185880716,0.9189468763131916,0.6321616332819899,1,0,1,0,0,0
262,Vater,0.8024733948546023,0.3443872702128585,0.7925175470585678,0,0,0,0,0,0
262,fiehre,0.5164786628521122,0.5214711722737417,0.5636114544772409,0,0,0,0,0,0
262,Arweit,0.562,0.538,0.509,0,0,0,0,0,0
263,süfer,0.7357928813855046,0.3468789811407178,0.5248465435633982,0,0,0,0,0,0
263,Patron,0.583,0.451,0.87,0,0,0,0,0,0
263,Herr,0.578708951845571,0.408435494808788,0.6274639965966486,0,0,0,0,0,0
263,scheene,0.7289983277978773,0.453316804682258,0.5549619459797869,0,0,0,0,0,0
263,gerne,0.7709079734070589,0.4321013815358777,0.5626037407428846,0,0,0,1,0,0
263,Schwindler,0.2633526041590358,0.685822755621545,0.5018749802389645,0,0,0,0,0,0
264,Opposition,0.135,0.729,0.592,0.469,0.0,0.0,0.0,0.0,0.0
264,verlore,0.188,0.558,0.259,0,0,0,0,0,0
264,Wuet,0.1406701938308152,0.8473613258232576,0.5160751078541428,1,0,1,0,0,0
264,gläube,0.8294008769580371,0.3561173479361921,0.7427254757342471,0,0,0,0,0,0
264,Ja,0.731982479119855,0.6402102505617395,0.4381250409322417,0,0,0,1,0,0
264,Patron,0.583,0.451,0.87,0,0,0,0,0,0
265,scheeni,0.7289983277978773,0.453316804682258,0.5549619459797869,0,0,0,0,0,0
265,kumme,0.5077636222456227,0.4247459181933735,0.4697888562405837,0,0,0,0,0,0
265,Stille,0.5843859837527715,0.2204693930016622,0.3722729864020823,0,0,0,0,0,0
265,Räuwe,0.0209999999999999,0.856,0.528,0,0,0,0,1,0
265,morde,0.0395971225745694,0.935968870430438,0.6166656949651862,1,1,1,0,1,1
266,Ja,0.731982479119855,0.6402102505617395,0.4381250409322417,0,0,0,1,0,0
266,Herr,0.578708951845571,0.408435494808788,0.6274639965966486,0,0,0,0,0,0
266,recht,0.6400876506878803,0.4089874388986209,0.6300150314500853,0,0,0,0,0,0
266,Verstand,0.7543062608133073,0.3721223486062517,0.6101052771545744,0,0,0,1,0,0
266,still,0.5843859837527715,0.2204693930016622,0.3722729864020823,0,0,0,0,0,0
267,Meine,0.7174614274296905,0.4855792551331206,0.6835986364388508,0,0,0,0,0,0
267,getragen,0.3500528838524181,0.4588636812921876,0.2102649919839922,0,0,0,0,0,0
267,kumme,0.5077636222456227,0.4247459181933735,0.4697888562405837,0,0,0,0,0,0
267,mine,0.7174614274296905,0.4855792551331206,0.6835986364388508,0,0,0,0,0,0
267,Vater,0.8024733948546023,0.3443872702128585,0.7925175470585678,0,0,0,0,0,0
268,Arweit,0.562,0.538,0.509,0,0,0,0,0,0
268,helf,0.833,0.435,0.629,0,0,0,0,0,0
268,Herr,0.578708951845571,0.408435494808788,0.6274639965966486,0,0,0,0,0,0
268,Mül,0.734,0.294,0.336,0,0,0,0,0,0
268,kumme,0.5077636222456227,0.4247459181933735,0.4697888562405837,0,0,0,0,0,0
268,Sonderbare,0.312,0.557,0.386,0,0,0,0,0,1
269,Schande,0.3185505604064025,0.8365703897510726,0.5556946457821053,1,0,0,0,0,0
269,Vater,0.8024733948546023,0.3443872702128585,0.7925175470585678,0,0,0,0,0,0
269,Herr,0.578708951845571,0.408435494808788,0.6274639965966486,0,0,0,0,0,0
269,Professer,0.6655987677659563,0.4045446143858793,0.7244419823807219,0,0,0,0,0,0
269,Freundlich,0.7177051253407628,0.3496436448608154,0.4226400745372364,0,0,0,1,0,0
270,Bitte,0.292,0.608,0.328,0,0,0,0,0,0
270,sehr,0.4774057457928527,0.6834468849599848,0.6094382946126706,0.4374425836602892,0.5459631820353186,0.7464169894654227,0.0,0.6438633914999808,0.0
271,Chance,0.7313121035029704,0.6161739823203446,0.7608008032784348,0,0,0,0,0,0
271,mein,0.7174614274296905,0.4855792551331206,0.6835986364388508,0,0,0,0,0,0
271,lieber,0.9225340379853786,0.5644888482254989,0.6576320434448562,0,0,0,1,0,0
271,Herr,0.578708951845571,0.408435494808788,0.6274639965966486,0,0,0,0,0,0
272,gläub,0.8294008769580371,0.3561173479361921,0.7427254757342471,0,0,0,0,0,0
272,gemacht,0.683,0.333,0.618,0,0,0,0,0,0
272,Chance,0.7313121035029704,0.6161739823203446,0.7608008032784348,0,0,0,0,0,0
272,Herr,0.578708951845571,0.408435494808788,0.6274639965966486,0,0,0,0,0,0
273,Haus,0.6701485966188446,0.2761480525313476,0.5537241657527012,0,0,0,1,0,0
274,Lache,0.8952774323956044,0.5837032431941391,0.5531539959162745,0,0,0,1,0,0
274,G'spass,0.8651475386260272,0.6943164222309121,0.6551791520253809,0,0,0,1,0,0
275,Simpel,0.2793087470389632,0.4252468642182204,0.2351291544543048,0,0,0,1,0,0
275,Dolle,0.1457761410361437,0.6375919798698528,0.2895110474301861,0.6905515235702571,0.594,0.6152509003683303,0.0,0.368,0.0
275,gemacht,0.683,0.333,0.618,0,0,0,0,0,0
275,halt,0.3111065596608406,0.4304222742857499,0.3607767117547636,0,0,0,0,0,0
275,Bildung,0.785248297492111,0.347039467665088,0.7733139968633866,0.0,0.0,0.0,0.0,0.0,0.0
275,schuldi,0.3971823987997299,0.5583741629574911,0.4698644817411215,0,0,0,0,0,0
275,kumme,0.5077636222456227,0.4247459181933735,0.4697888562405837,0,0,0,0,0,0
275,Gejewart,0.7890529345816882,0.4997377478237906,0.5919344369559476,0,0,0,0,0,0
277,Chance,0.7313121035029704,0.6161739823203446,0.7608008032784348,0,0,0,0,0,0
277,Bildung,0.785248297492111,0.347039467665088,0.7733139968633866,0.0,0.0,0.0,0.0,0.0,0.0
277,Kriz,0.4513221945312947,0.3287429663041927,0.5504292388840927,1,0,0,0,0,0
277,froh,0.8908789644973816,0.7352218842807234,0.6867651950383649,0.2989537243550825,0.0,0.0,0.7945991714231142,0.0,0.0
278,beruhigen,0.8034331624082213,0.194,0.4097940101476782,0,0,0,0,0,0
278,Herr,0.578708951845571,0.408435494808788,0.6274639965966486,0,0,0,0,0,0
278,Professer,0.6655987677659563,0.4045446143858793,0.7244419823807219,0,0,0,0,0,0
279,Herr,0.578708951845571,0.408435494808788,0.6274639965966486,0,0,0,0,0,0
279,Professer,0.6655987677659563,0.4045446143858793,0.7244419823807219,0,0,0,0,0,0
279,helfe,0.833,0.435,0.629,0,0,0,0,0,0
279,Professor,0.6655987677659563,0.4045446143858793,0.7244419823807219,0,0,0,0,0,0
280,Herr,0.578708951845571,0.408435494808788,0.6274639965966486,0,0,0,0,0,0
280,Doktor,0.6361058512675609,0.4958126553545374,0.8243866476965048,0,0,0,0,0,0
280,Fränz,0.4743506503545591,0.3800286271180814,0.3836067057219087,0,0,0,0,0,0
280,Herre,0.578708951845571,0.408435494808788,0.6274639965966486,0,0,0,0,0,0
281,bitte,0.292,0.608,0.328,0,0,0,0,0,0
281,Fräulein,0.5348173046139476,0.4984850434191227,0.3835090792220775,0.0,0.0,0.0,0.0,0.379,0.0
281,bitten,0.292,0.608,0.328,0,0,0,0,0,0
281,Vater,0.8024733948546023,0.3443872702128585,0.7925175470585678,0,0,0,0,0,0
281,schuldi,0.3971823987997299,0.5583741629574911,0.4698644817411215,0,0,0,0,0,0
281,Herr,0.578708951845571,0.408435494808788,0.6274639965966486,0,0,0,0,0,0
281,kumme,0.5077636222456227,0.4247459181933735,0.4697888562405837,0,0,0,0,0,0
282,Ja,0.731982479119855,0.6402102505617395,0.4381250409322417,0,0,0,1,0,0
282,Plän,0.6733863402152597,0.5129603223191107,0.7745995041244451,0,0,0,0,0,0
282,allewyl,0.6185883572349138,0.4931147079616885,0.5466996689288072,0,0,0,0,0,0
282,Herr,0.578708951845571,0.408435494808788,0.6274639965966486,0,0,0,0,0,0
282,kumme,0.5077636222456227,0.4247459181933735,0.4697888562405837,0,0,0,0,0,0
282,Vater,0.8024733948546023,0.3443872702128585,0.7925175470585678,0,0,0,0,0,0
283,Herr,0.578708951845571,0.408435494808788,0.6274639965966486,0,0,0,0,0,0
283,Frind,0.8439224917513257,0.3955812420939649,0.6481539091680617,0,0,0,0,0,0
283,Fräulein,0.5348173046139476,0.4984850434191227,0.3835090792220775,0.0,0.0,0.0,0.0,0.379,0.0
283,nichts,0.204,0.08,0.161,0,0,0,0,1,0
284,mein,0.7174614274296905,0.4855792551331206,0.6835986364388508,0,0,0,0,0,0
284,Chance,0.7313121035029704,0.6161739823203446,0.7608008032784348,0,0,0,0,0,0
285,Simpel,0.2793087470389632,0.4252468642182204,0.2351291544543048,0,0,0,1,0,0
285,gemacht,0.683,0.333,0.618,0,0,0,0,0,0
285,Dolle,0.1457761410361437,0.6375919798698528,0.2895110474301861,0.6905515235702571,0.594,0.6152509003683303,0.0,0.368,0.0
285,wohl,0.8732198670753948,0.2763132148600918,0.536133422305439,0,0,0,1,0,0
285,Kloschter,0.4606660096281099,0.3072252884021536,0.5392203606129782,0.0,0.0,0.0,0.0,0.0,0.0
285,käuft,0.2258885156657865,0.5964898715993967,0.3377989881874764,0,1,0,0,0,0
287,grad,0.6993651460488204,0.3954513279714086,0.6519229691474666,0,0,0,0,0,0
287,Recht,0.6400876506878803,0.4089874388986209,0.6300150314500853,0,0,0,0,0,0
287,Ja,0.731982479119855,0.6402102505617395,0.4381250409322417,0,0,0,1,0,0
287,Amen,0.781,0.182,0.542,0.0,0.0,0.0,0.424,0.0,0.0
287,recht,0.6400876506878803,0.4089874388986209,0.6300150314500853,0,0,0,0,0,0
288,beeser,0.2743677318962482,0.4784826814748443,0.356770960649546,0,1,1,0,1,0
288,grad,0.6993651460488204,0.3954513279714086,0.6519229691474666,0,0,0,0,0,0
288,leid,0.1041798939570025,0.7457333063855398,0.3370364616716791,1,1,1,0,1,0
288,Herz,0.8062221719545464,0.4538664755524821,0.700311722410761,0,0,0,1,0,0
289,gewalti,0.7045686818621478,0.6606900796981651,0.8679000566292808,0,0,0,1,0,1
289,Herre,0.578708951845571,0.408435494808788,0.6274639965966486,0,0,0,0,0,0
289,wohr,0.8235551257078202,0.4120878812309737,0.7469588919461928,0,0,0,0,0,0
290,mine,0.7174614274296905,0.4855792551331206,0.6835986364388508,0,0,0,0,0,0
290,junge,0.6613889333102907,0.4584467116080536,0.427860028045464,0,0,0,0,0,0
290,Tochter,0.8015311659203683,0.4596244203361964,0.4456991918508667,0,0,0,1,0,0
290,glücklicher,0.99,0.76,0.806,0,0,0,1,0,0
290,zamme,0.8179675220088382,0.4179635713275427,0.6618562700894817,0,0,0,0,0,0
290,Herr,0.578708951845571,0.408435494808788,0.6274639965966486,0,0,0,0,0,0
290,Grossartig,0.920539854300238,0.7890241831030179,0.8710951092748214,0,0,0,1,0,0
290,Verstand,0.7543062608133073,0.3721223486062517,0.6101052771545744,0,0,0,1,0,0
290,still,0.5843859837527715,0.2204693930016622,0.3722729864020823,0,0,0,0,0,0
291,uff,0.714,0.441,0.657,0,0,0,1,0,0
291,vergesse,0.2733659897646198,0.3446951970086845,0.2037784030892053,0,0,0,0,1,0
291,Jubiläum,0.916,0.5,0.579,0,0,0,1,0,1
292,Wuet,0.1406701938308152,0.8473613258232576,0.5160751078541428,1,0,1,0,0,0
292,uff,0.714,0.441,0.657,0,0,0,1,0,0
