Id_block,Mots,valence,arousal,dominance,anger,disgust,fear,joy,sadness,surprise,trust,anticipation
0,peine,0.062,0.49,0.24,0,0,0,0,1,0,0.0,0.0
0,moment,0.604,0.435,0.509,0,0,0,0,0,0,0.0,0.0
0,ville,0.551,0.299,0.627,0,0,0,0,0,0,0.0,0.0
0,demander,0.625,0.51,0.731,1,0,0,0,0,0,0.0,1
0,main,0.542,0.314,0.434,0,0,0,0,0,0,0.0,0.0
0,père,0.812,0.333,0.824,0,0,0,0,0,0,1,0.0
0,histoire,0.729,0.382,0.754,1,0,0,0,1,0,0.0,0.0
0,entendre,0.76,0.429,0.444,0,0,0,0,0,0,0.0,0.0
0,parler,0.833,0.346,0.594,0,0,0,0,0,0,0.0,0.0
0,homme,0.688,0.427,0.767,0,0,0,0,0,0,0.0,0.0
1,malchance,0.673,0.657,0.864,0,0,1,0,1,0,0.0,0.0
1,furieux,0.219,0.873,0.277,1,1,1,0,0,0,0.0,0.0
1,médaille,0.854,0.555,0.746,0,0,0,0,0,1,0.461,0.477
1,classe,0.656,0.314,0.522,0,0,0,0,0,0,0.0,0.0
2,nouveau,0.745,0.741,0.52,0,0,0,0,0,0,0.0,0.0
2,congé,0.531,0.432,0.772,0,0,0,1,0,0,0.0,0.6843790034020676
2,laisse,0.32,0.347,0.427,1,0,1,0,1,0,0.0,0.0
3,faire,0.684,0.42,0.48,0,0,0,0,0,0,0.0,0.0
3,jus,0.776,0.281,0.352,0,0,0,0,0,0,0.0,0.0
3,soupe,0.602,0.245,0.269,0,0,0,0,0,0,0.0,0.0
3,bien,0.938,0.368,0.534,0,0,1,1,0,1,1,0.0
4,dîner,0.823,0.392,0.379,0,0,0,0,0,0,0.0,0.0
4,jus,0.776,0.281,0.352,0,0,0,0,0,0,0.0,0.0
4,soupe,0.602,0.245,0.269,0,0,0,0,0,0,0.0,0.0
4,vivant,0.865,0.608,0.727,0,0,0,1,0,0,0.5,0.461
5,femme,0.865,0.5,0.578,0,0,0,0,0,0,0.0,0.0
5,bizarre,0.173,0.539,0.328,0,1,1,0,0,1,0.0,0.0
5,maison,0.587,0.135,0.533,0,0,0,1,0,0,0.0,0.0
5,indulgence,0.479,0.49,0.517,0,0,0,0,0,0,0.0,0.0
5,jus,0.776,0.281,0.352,0,0,0,0,0,0,0.0,0.0
5,lieu,0.727,0.316,0.395,0,0,0,0,0,0,0.0,0.0
5,livre,0.57,0.337,0.443,0,0,0,0,0,0,0.0,0.0
6,poupée,0.729,0.321,0.33,0,0,0,1,0,0,0.0,0.0
6,soie,0.594,0.383,0.34,0,0,0,0,0,0,0.0,0.0
6,pension,0.612,0.477,0.464,0,0,0,0,0,0,0.0,0.0
6,jouer,0.812,0.765,0.358,0,0,0,1,0,0,0.0,0.57
6,insuffisant,0.188,0.38,0.093,0,0,1,0,1,0,0.0,0.0
6,jus,0.776,0.281,0.352,0,0,0,0,0,0,0.0,0.0
6,patient,0.583,0.193,0.34,0,0,1,0,1,0,0.0,0.0
6,veau,0.438,0.337,0.41,0,0,0,0,1,0,0.0,0.0
6,joie,0.98,0.824,0.794,0,0,0,1,0,0,0.0,0.0
6,commander,0.427,0.79,0.849,0,0,0,0,0,0,0.0,0.0
7,opinion,0.594,0.482,0.638,0,0,0,0,0,0,0.518,0.555
7,demander,0.625,0.51,0.731,1,0,0,0,0,0,0.0,1
7,commande,0.78,0.295,0.814,0,0,0,0,0,0,0.0,0.0
8,chose,0.449,0.222,0.26,1,1,1,0,0,0,0.0,0.0
8,vingt,0.52,0.292,0.286,0,0,0,0,0,0,0.0,0.0
8,bon,0.622,0.416,0.601,0,0,0,0,0,1,0.0,0.0
8,justice,0.74,0.317,0.552,0,0,0,0,0,0,0.711,0.0
9,raison,0.781,0.455,0.712,0,0,0,0,0,0,0.0,0.0
9,médaille,0.854,0.555,0.746,0,0,0,0,0,1,0.461,0.477
9,chien,0.417,0.528,0.582,0,0,0,0,0,0,0.0,0.0
9,temps,0.604,0.288,0.609,0,0,0,0,0,0,0.0,1
9,chance,0.833,0.551,0.525,0,0,0,0,0,1,0.0,0.0
9,moment,0.604,0.435,0.509,0,0,0,0,0,0,0.0,0.0
9,homme,0.688,0.427,0.767,0,0,0,0,0,0,0.0,0.0
9,ville,0.551,0.299,0.627,0,0,0,0,0,0,0.0,0.0
9,épouse,0.632,0.509,0.63,0,0,0,0,0,0,0.0,0.0
9,possible,0.688,0.316,0.548,0,0,0,0,0,1,0.0,0.0
10,père,0.812,0.333,0.824,0,0,0,0,0,0,1,0.0
10,chose,0.449,0.222,0.26,1,1,1,0,0,0,0.0,0.0
10,idée,0.448,0.551,0.57,0,0,0,0,0,0,0.0,0.32
11,bien,0.938,0.368,0.534,0,0,1,1,0,1,1,0.0
11,voie,0.449,0.49,0.451,0,0,0,0,0,0,0.0,0.0
11,homme,0.688,0.427,0.767,0,0,0,0,0,0,0.0,0.0
11,langage,0.51,0.35,0.462,0,0,0,0,0,0,0.0,0.0
11,marier,0.896,0.765,0.673,0,0,0,1,0,0,1,1
11,tête,0.53,0.472,0.558,0,0,0,0,0,0,0.0,0.0
12,épouse,0.632,0.509,0.63,0,0,0,0,0,0,0.0,0.0
12,bien,0.938,0.368,0.534,0,0,1,1,0,1,1,0.0
12,tenir,0.448,0.29,0.364,0,0,0,0,0,0,0.0,0.0
12,montrer,0.622,0.54,0.491,0,0,1,0,0,0,0.0,0.0
13,richesse,0.857,0.637,0.858,0,0,0,0,0,0,0.43,0.0
13,bête,0.255,0.459,0.175,1,1,1,0,0,0,0.0,0.0
13,oie,0.479,0.283,0.265,0,0,0,0,0,0,0.0,0.0
13,stupide,0.198,0.333,0.179,1,1,0,0,0,0,0.0,0.0
13,maison,0.587,0.135,0.533,0,0,0,1,0,0,0.0,0.0
13,affaire,0.52,0.459,0.657,0,0,0,0,0,0,0.0,0.0
13,imbécile,0.082,0.569,0.26,1,1,0,0,0,0,0.0,0.0
14,temps,0.604,0.288,0.609,0,0,0,0,0,0,0.0,1
14,mère,0.931,0.408,0.725,0,0,0,0,1,0,1,0.406
14,marier,0.896,0.765,0.673,0,0,0,1,0,0,1,1
14,mot,0.552,0.255,0.482,0,0,0,0,0,0,0.0,0.4919999999999999
14,tour,0.531,0.398,0.482,1,1,0,0,0,1,0.0,0.0
14,homme,0.688,0.427,0.767,0,0,0,0,0,0,0.0,0.0
14,père,0.812,0.333,0.824,0,0,0,0,0,0,1,0.0
14,maire,0.469,0.481,0.818,0,0,0,0,0,0,0.0,0.0
15,maire,0.469,0.481,0.818,0,0,0,0,0,0,0.0,0.0
15,affaire,0.52,0.459,0.657,0,0,0,0,0,0,0.0,0.0
15,garde,0.653,0.51,0.586,0,0,0,0,0,0,1,0.0
15,père,0.812,0.333,0.824,0,0,0,0,0,0,1,0.0
15,avance,0.673,0.472,0.858,0,0,1,0,0,1,0.0,1
15,animal,0.521,0.51,0.513,0,1,1,0,0,0,0.0,0.0
15,paysan,0.53,0.275,0.407,0,0,0,0,0,0,0.0,0.0
15,raison,0.781,0.455,0.712,0,0,0,0,0,0,0.0,0.0
16,faire,0.684,0.42,0.48,0,0,0,0,0,0,0.0,0.0
16,loi,0.592,0.33,0.673,0,0,0,0,0,0,1,0.0
16,père,0.812,0.333,0.824,0,0,0,0,0,0,1,0.0
16,maire,0.469,0.481,0.818,0,0,0,0,0,0,0.0,0.0
16,opposition,0.135,0.729,0.592,1,0,0,0,0,0,0.297,0.0
16,cuisine,0.7,0.234,0.398,0,0,0,0,0,0,0.0,0.0
16,famille,0.968,0.383,0.643,0,0,0,0,0,0,0.0,0.0
17,chien,0.417,0.528,0.582,0,0,0,0,0,0,0.0,0.0
17,homme,0.688,0.427,0.767,0,0,0,0,0,0,0.0,0.0
17,ville,0.551,0.299,0.627,0,0,0,0,0,0,0.0,0.0
17,étonner,0.729,0.675,0.474,0,0,1,0,0,1,0.0,0.0
17,jour,0.75,0.324,0.454,0,0,0,0,0,0,0.0,0.0
17,demander,0.625,0.51,0.731,1,0,0,0,0,0,0.0,1
17,main,0.542,0.314,0.434,0,0,0,0,0,0,0.0,0.0
17,recevoir,0.719,0.562,0.623,0,0,0,0,0,0,0.0,1
17,leçon,0.704,0.577,0.593,0,0,0,0,0,0,0.0,0.0
18,bien,0.938,0.368,0.534,0,0,1,1,0,1,1,0.0
18,premier,0.708,0.275,0.446,0,0,0,1,0,0,0.0,0.0
18,homme,0.688,0.427,0.767,0,0,0,0,0,0,0.0,0.0
18,ville,0.551,0.299,0.627,0,0,0,0,0,0,0.0,0.0
18,malheur,0.34,0.606,0.204,0,1,1,0,1,0,0.0,0.0
18,entrer,0.708,0.47,0.5,0,0,0,0,0,0,0.0,0.633
18,maison,0.587,0.135,0.533,0,0,0,1,0,0,0.0,0.0
18,demander,0.625,0.51,0.731,1,0,0,0,0,0,0.0,1
18,main,0.542,0.314,0.434,0,0,0,0,0,0,0.0,0.0
18,nuit,0.598,0.396,0.404,0,0,1,0,1,0,0.0,0.0
18,chercher,0.622,0.429,0.482,0,0,0,0,0,0,0.0,1
18,chambre,0.729,0.283,0.445,0,0,0,0,0,0,0.0,0.0
18,fusil,0.329,0.9,0.718,1,0,1,0,0,0,0.0,0.0
18,as,0.467,0.545,0.441,0,0,0,1,0,0,0.0,0.0
18,pension,0.612,0.477,0.464,0,0,0,0,0,0,0.0,0.0
19,encre,0.471,0.408,0.235,0,0,0,0,0,0,0.0,0.0
19,affaire,0.52,0.459,0.657,0,0,0,0,0,0,0.0,0.0
19,jouer,0.812,0.765,0.358,0,0,0,1,0,0,0.0,0.57
19,dame,0.694,0.48,0.5,1,1,0,0,0,0,0.344,0.0
19,aller,0.51,0.441,0.444,0,0,0,0,0,0,0.0,0.0
19,théâtre,0.76,0.635,0.516,0,0,0,1,0,0,0.0,0.0
19,mettre,0.52,0.398,0.51,0,0,0,0,0,0,0.641,0.0
19,bicyclette,0.708,0.5,0.333,0,0,0,0,0,0,0.0,0.0
19,lieu,0.727,0.316,0.395,0,0,0,0,0,0,0.0,0.0
19,tourner,0.551,0.422,0.345,1,0,1,0,0,1,0.0,0.0
19,façon,0.48,0.275,0.42,0,0,0,0,0,0,0.0,0.0
19,manger,0.731,0.5,0.464,0,0,0,0,0,0,0.0,0.0
19,tête,0.53,0.472,0.558,0,0,0,0,0,0,0.0,0.0
19,paysan,0.53,0.275,0.407,0,0,0,0,0,0,0.0,0.0
19,homme,0.688,0.427,0.767,0,0,0,0,0,0,0.0,0.0
19,drôle,0.918,0.61,0.566,0,0,0,1,0,0,0.0,0.0
19,organisation,0.81,0.535,0.851,0,0,0,0,0,0,1,0.203
19,père,0.812,0.333,0.824,0,0,0,0,0,0,1,0.0
20,monde,0.622,0.394,0.75,0,0,0,0,0,0,0.0,0.0
20,nouveau,0.745,0.741,0.52,0,0,0,0,0,0,0.0,0.0
20,lettre,0.635,0.279,0.342,0,0,0,0,0,0,0.0,0.0
21,lettre,0.635,0.279,0.342,0,0,0,0,0,0,0.0,0.0
21,temps,0.604,0.288,0.609,0,0,0,0,0,0,0.0,1
21,démission,0.145,0.392,0.31,0,0,0,0,1,1,0.0,0.0
21,fin,0.344,0.365,0.492,0,0,1,0,1,0,0.0,0.0
22,imbécile,0.082,0.569,0.26,1,1,0,0,0,0,0.0,0.0
22,obtenir,0.76,0.438,0.731,0,0,0,1,0,0,0.0,0.641
22,ordre,0.602,0.35,0.72,0,0,0,0,0,0,0.0,0.0
22,rester,0.604,0.275,0.516,0,0,0,0,0,0,0.0,0.0
22,contenir,0.542,0.49,0.658,0,0,0,0,0,0,0.0,0.0
22,homme,0.688,0.427,0.767,0,0,0,0,0,0,0.0,0.0
22,mérite,0.854,0.5,0.722,0,0,0,0,0,0,1,0.602
22,heure,0.552,0.265,0.336,0,0,0,0,0,0,0.0,0.516
23,parler,0.833,0.346,0.594,0,0,0,0,0,0,0.0,0.0
23,mérite,0.854,0.5,0.722,0,0,0,0,0,0,1,0.602
23,maire,0.469,0.481,0.818,0,0,0,0,0,0,0.0,0.0
23,partie,0.663,0.278,0.36,0,0,0,1,0,0,0.0,0.0
23,société,0.674,0.464,0.782,0,0,0,0,0,0,0.0,0.0
23,chapeau,0.604,0.183,0.353,0,0,0,0,0,0,0.0,0.0
23,banquet,0.765,0.571,0.6,0,0,0,1,0,0,0.0,0.0
23,occasion,0.7,0.451,0.398,0,0,0,0,0,1,0.0,0.0
23,candidat,0.662,0.625,0.765,0,0,0,0,0,0,0.0,0.0
24,homme,0.688,0.427,0.767,0,0,0,0,0,0,0.0,0.0
24,main,0.542,0.314,0.434,0,0,0,0,0,0,0.0,0.0
24,concours,0.667,0.698,0.717,1,0,1,0,0,0,0.0,0.523
24,rester,0.604,0.275,0.516,0,0,0,0,0,0,0.0,0.0
24,médaille,0.854,0.555,0.746,0,0,0,0,0,1,0.461,0.477
25,monde,0.622,0.394,0.75,0,0,0,0,0,0,0.0,0.0
25,verre,0.49,0.404,0.322,0,0,0,0,0,0,0.0,0.0
25,cuisine,0.7,0.234,0.398,0,0,0,0,0,0,0.0,0.0
25,facteur,0.643,0.482,0.455,0,0,0,0,0,0,0.0,0.0
25,curieux,0.292,0.558,0.433,0,0,0,0,0,0,0.398,0.4772722505661285
25,lettre,0.635,0.279,0.342,0,0,0,0,0,0,0.0,0.0
26,père,0.812,0.333,0.824,0,0,0,0,0,0,1,0.0
27,neveu,0.719,0.337,0.412,0,0,0,0,0,0,0.0,0.0
27,espèce,0.561,0.33,0.645,0,0,0,0,0,0,0.0,0.0
27,inspecteur,0.418,0.58,0.852,0,0,0,0,0,0,0.0,0.0
27,assesseur,0.551,0.538,0.764,0,0,0,0,0,0,0.0,0.0
28,agriculture,0.643,0.473,0.445,0,0,0,0,0,0,1,0.0
28,montrer,0.622,0.54,0.491,0,0,1,0,0,0,0.0,0.0
28,ordre,0.602,0.35,0.72,0,0,0,0,0,0,0.0,0.0
28,affaire,0.52,0.459,0.657,0,0,0,0,0,0,0.0,0.0
29,chose,0.449,0.222,0.26,1,1,1,0,0,0,0.0,0.0
29,autorité,0.592,0.592,0.934,0,0,0,0,0,0,1,0.0
29,fidèle,0.896,0.265,0.657,0,0,0,1,0,0,1,0.0
29,dévouement,0.802,0.561,0.673,0,0,0,0,0,0,1,0.0
29,maison,0.587,0.135,0.533,0,0,0,1,0,0,0.0,0.0
31,honorer,0.854,0.588,0.735,0,0,0,0,0,0,0.0,0.0
31,histoire,0.729,0.382,0.754,1,0,0,0,1,0,0.0,0.0
31,jus,0.776,0.281,0.352,0,0,0,0,0,0,0.0,0.0
31,faire,0.684,0.42,0.48,0,0,0,0,0,0,0.0,0.0
31,nouveau,0.745,0.741,0.52,0,0,0,0,0,0,0.0,0.0
31,aura,0.76,0.333,0.5,0,0,0,1,0,0,0.0,0.0
31,femme,0.865,0.5,0.578,0,0,0,0,0,0,0.0,0.0
31,kaiser,0.47,0.509,0.69,0,0,0,0,0,0,0.0,0.0
32,maire,0.469,0.481,0.818,0,0,0,0,0,0,0.0,0.0
32,fin,0.344,0.365,0.492,0,0,1,0,1,0,0.0,0.0
32,compte,0.343,0.373,0.5,0,0,0,0,0,0,0.523,0.0
32,affaire,0.52,0.459,0.657,0,0,0,0,0,0,0.0,0.0
32,ruban,0.531,0.277,0.254,1,0,0,0,0,0,0.0,0.328
32,flotte,0.688,0.394,0.344,0,0,0,0,0,0,0.0,0.0
32,air,0.708,0.163,0.427,0,1,0,0,0,0,0.0,0.0
32,décoration,0.878,0.553,0.526,0,0,0,0,0,0,0.461,0.477
32,rage,0.219,0.927,0.598,1,0,1,0,0,0,0.0,0.0
32,facteur,0.643,0.482,0.455,0,0,0,0,0,0,0.0,0.0
32,lettre,0.635,0.279,0.342,0,0,0,0,0,0,0.0,0.0
32,obtenir,0.76,0.438,0.731,0,0,0,1,0,0,0.0,0.641
33,lettre,0.635,0.279,0.342,0,0,0,0,0,0,0.0,0.0
33,donner,0.521,0.441,0.694,0,0,0,0,0,0,0.4899619895217705,0.414
33,démission,0.145,0.392,0.31,0,0,0,0,1,1,0.0,0.0
33,peur,0.073,0.84,0.293,1,0,1,0,0,1,0.0,0.531
33,fin,0.344,0.365,0.492,0,0,1,0,1,0,0.0,0.0
33,compte,0.343,0.373,0.5,0,0,0,0,0,0,0.523,0.0
33,opposition,0.135,0.729,0.592,1,0,0,0,0,0,0.297,0.0
34,officier,0.688,0.453,0.704,0,0,0,0,0,0,1,0.0
34,sucre,0.896,0.382,0.402,0,0,0,0,0,0,0.0,0.0
34,bien,0.938,0.368,0.534,0,0,1,1,0,1,1,0.0
34,tête,0.53,0.472,0.558,0,0,0,0,0,0,0.0,0.0
34,as,0.467,0.545,0.441,0,0,0,1,0,0,0.0,0.0
34,raison,0.781,0.455,0.712,0,0,0,0,0,0,0.0,0.0
35,membre,0.698,0.333,0.555,0,0,0,0,0,0,0.0,0.0
35,candidat,0.662,0.625,0.765,0,0,0,0,0,0,0.0,0.0
35,vérité,0.971,0.4,0.685,0,0,0,0,0,0,1,0.0
35,main,0.542,0.314,0.434,0,0,0,0,0,0,0.0,0.0
36,mettre,0.52,0.398,0.51,0,0,0,0,0,0,0.641,0.0
36,tableau,0.521,0.396,0.568,0,0,0,0,0,0,0.0,0.0
36,chambre,0.729,0.283,0.445,0,0,0,0,0,0,0.0,0.0
36,façon,0.48,0.275,0.42,0,0,0,0,0,0,0.0,0.0
36,voie,0.449,0.49,0.451,0,0,0,0,0,0,0.0,0.0
36,diplôme,0.75,0.462,0.731,0,0,0,1,0,0,0.531,0.0
36,gras,0.286,0.361,0.325,0,1,0,0,0,0,0.0,0.0
36,pendre,0.323,0.529,0.446,0,0,0,0,0,0,0.0,0.0
36,figure,0.688,0.328,0.509,0,0,0,0,0,0,0.523,0.0
36,conscription,0.396,0.775,0.642,0,0,1,0,0,0,0.0,0.0
36,uniforme,0.57,0.245,0.655,0,0,0,0,0,0,0.0,0.0
36,genre,0.582,0.349,0.561,0,0,0,0,0,0,0.375,0.695
36,faire,0.684,0.42,0.48,0,0,0,0,0,0,0.0,0.0
36,saut,0.75,0.663,0.667,0,0,0,1,0,0,0.0,0.273
36,école,0.602,0.407,0.672,0,0,0,0,0,0,1,0.0
36,recommander,0.812,0.439,0.672,0,0,0,0,0,0,1,0.0
36,ordre,0.602,0.35,0.72,0,0,0,0,0,0,0.0,0.0
36,parler,0.833,0.346,0.594,0,0,0,0,0,0,0.0,0.0
36,rage,0.219,0.927,0.598,1,0,1,0,0,0,0.0,0.0
37,faire,0.684,0.42,0.48,0,0,0,0,0,0,0.0,0.0
37,entièrement,0.69,0.353,0.696,0,0,0,0,0,0,0.0,0.0
37,chambre,0.729,0.283,0.445,0,0,0,0,0,0,0.0,0.0
37,ménagerie,0.573,0.48,0.538,1,1,0,0,0,1,0.0,0.0
37,carte,0.561,0.229,0.463,0,0,0,0,0,0,0.0,0.0
37,histoire,0.729,0.382,0.754,1,0,0,0,1,0,0.0,0.0
37,prévenir,0.429,0.647,0.564,0,0,0,0,0,0,0.305,1
37,père,0.812,0.333,0.824,0,0,0,0,0,0,1,0.0
38,fusil,0.329,0.9,0.718,1,0,1,0,0,0,0.0,0.0
38,allemand,0.438,0.29,0.57,0,0,0,0,0,0,0.0,0.0
38,demi,0.49,0.429,0.44,0,0,0,0,0,0,0.0,0.0
38,dictionnaire,0.62,0.25,0.598,0,0,0,0,0,0,1,0.0
38,langue,0.542,0.432,0.482,0,0,0,0,0,0,0.0,0.0
39,as,0.467,0.545,0.441,0,0,0,1,0,0,0.0,0.0
39,pension,0.612,0.477,0.464,0,0,0,0,0,0,0.0,0.0
39,bien,0.938,0.368,0.534,0,0,1,1,0,1,1,0.0
39,vue,0.698,0.39,0.45,0,0,0,0,0,0,0.0,0.5306551306240826
40,bon,0.622,0.416,0.601,0,0,0,0,0,1,0.0,0.0
40,retenir,0.32,0.451,0.444,0,0,0,0,0,0,0.0,0.0
40,philosophie,0.684,0.255,0.64,0,0,0,0,0,0,0.0,0.0
41,parler,0.833,0.346,0.594,0,0,0,0,0,0,0.0,0.0
41,affaire,0.52,0.459,0.657,0,0,0,0,0,0,0.0,0.0
41,maison,0.587,0.135,0.533,0,0,0,1,0,0,0.0,0.0
41,minute,0.582,0.279,0.356,0,0,0,0,0,0,0.0,0.0
42,femme,0.865,0.5,0.578,0,0,0,0,0,0,0.0,0.0
42,expression,0.79,0.65,0.721,0,0,0,0,0,0,0.0,0.0
42,dictionnaire,0.62,0.25,0.598,0,0,0,0,0,0,1,0.0
42,tendre,0.604,0.398,0.412,0,0,0,0,0,0,0.0,0.0
42,jeunesse,0.938,0.608,0.736,1,0,1,0,0,1,0.0,0.492
42,heureux,0.939,0.548,0.795,0,0,0,1,0,0,0.609,0.555
42,rencontrer,0.76,0.51,0.58,0,0,0,0,0,1,0.0,0.0
42,agriculture,0.643,0.473,0.445,0,0,0,0,0,0,1,0.0
42,tranquille,0.75,0.213,0.653,0,0,0,0,1,0,0.0,0.0
42,modeste,0.49,0.23,0.471,0,0,0,0,1,0,1,0.0
42,existence,0.76,0.513,0.771,0,0,0,1,0,0,0.0,0.0
42,souffle,0.684,0.392,0.451,1,0,1,0,0,1,0.0,0.0
42,ville,0.551,0.299,0.627,0,0,0,0,0,0,0.0,0.0
42,parfum,0.633,0.41,0.491,0,0,0,1,0,0,0.0,0.0
42,poétique,0.833,0.306,0.353,0,0,0,0,0,0,0.0,0.0
42,élément,0.531,0.259,0.481,0,0,0,0,0,0,0.0,0.0
42,écrire,0.612,0.387,0.534,0,0,0,0,0,0,0.0,0.0
42,sujet,0.52,0.276,0.427,1,1,0,0,1,0,0.0,0.0
42,poésie,0.697,0.235,0.629,0,0,0,0,0,0,0.0,0.0
43,faire,0.684,0.42,0.48,0,0,0,0,0,0,0.0,0.0
43,connaissance,0.847,0.43,0.896,0,0,0,0,0,0,0.0,0.0
43,énergique,0.677,0.529,0.438,0,0,0,1,0,0,0.0,0.0
43,terre,0.582,0.26,0.616,0,0,0,0,0,0,0.0,0.0
43,sincère,0.918,0.265,0.725,0,0,0,1,1,1,1,0.0
43,franc,0.582,0.413,0.667,0,0,0,0,0,1,0.560308380184426,0.422
43,libre,0.698,0.458,0.644,0,0,0,1,0,0,0.516,0.0
43,noble,0.675,0.286,0.709,0,0,0,0,0,0,1,0.0
43,bonheur,0.96,0.732,0.85,0,0,0,1,0,0,0.0,1
43,trouver,0.774,0.555,0.58,0,0,0,0,0,0,0.0,0.0
43,retraite,0.448,0.412,0.562,0,0,1,0,1,0,1,1
43,joie,0.98,0.824,0.794,0,0,0,1,0,0,0.0,0.0
43,remettre,0.51,0.509,0.473,0,0,0,0,0,0,0.0,0.0
43,dictionnaire,0.62,0.25,0.598,0,0,0,0,0,0,1,0.0
44,liberté,0.938,0.579,0.836,0,0,0,1,0,1,1,1
44,offrir,0.571,0.58,0.575,0,0,0,1,0,0,0.0,0.0
44,bouquet,0.552,0.358,0.473,0,0,0,0,0,0,0.375,0.0
44,témoignage,0.615,0.578,0.643,0,0,0,0,0,0,1,0.0
44,adoration,0.885,0.699,0.708,0,0,1,1,0,0,1,0.422
45,poésie,0.697,0.235,0.629,0,0,0,0,0,0,0.0,0.0
45,orner,0.91,0.424,0.482,0,0,0,0,0,0,0.0,0.0
45,foyer,0.51,0.285,0.395,0,0,0,0,0,0,0.0,0.0
45,occasion,0.7,0.451,0.398,0,0,0,0,0,1,0.0,0.0
45,diplôme,0.75,0.462,0.731,0,0,0,1,0,0,0.531,0.0
45,gras,0.286,0.361,0.325,0,1,0,0,0,0,0.0,0.0
45,agricole,0.686,0.321,0.473,0,0,0,0,0,0,0.0,0.0
45,charmant,0.816,0.52,0.637,0,0,0,1,0,0,1,1
45,doute,0.395,0.351,0.231,0,0,1,0,1,0,0.0,0.0
45,classique,0.643,0.198,0.536,0,0,0,0,0,0,0.0,0.0
46,charmant,0.816,0.52,0.637,0,0,0,1,0,0,1,1
46,originalité,0.898,0.5,0.824,0,0,0,0,0,1,0.0,0.0
46,goût,0.802,0.406,0.465,0,1,0,0,1,0,0.5236977857014572,0.4936400906761277
46,enthousiaste,0.823,0.719,0.806,0,0,0,1,0,1,0.4481708677422932,0.688
47,père,0.812,0.333,0.824,0,0,0,0,0,0,1,0.0
47,accord,0.729,0.394,0.539,0,0,0,0,0,0,1,0.0
48,pire,0.062,0.704,0.225,0,0,1,0,1,0,0.0,0.0
48,père,0.812,0.333,0.824,0,0,0,0,0,0,1,0.0
49,homme,0.688,0.427,0.767,0,0,0,0,0,0,0.0,0.0
49,ville,0.551,0.299,0.627,0,0,0,0,0,0,0.0,0.0
49,scène,0.57,0.34,0.578,0,0,0,0,0,0,0.0,0.0
49,maison,0.587,0.135,0.533,0,0,0,1,0,0,0.0,0.0
50,note,0.625,0.235,0.407,0,0,0,0,0,0,0.0,0.0
50,expression,0.79,0.65,0.721,0,0,0,0,0,0,0.0,0.0
50,situation,0.531,0.387,0.6,0,0,0,0,0,0,0.0,0.0
50,faire,0.684,0.42,0.48,0,0,0,0,0,0,0.0,0.0
50,père,0.812,0.333,0.824,0,0,0,0,0,0,1,0.0
50,bien,0.938,0.368,0.534,0,0,1,1,0,1,1,0.0
50,tuer,0.133,0.92,0.585,1,0,1,0,1,0,0.0,0.0
50,premier,0.708,0.275,0.446,0,0,0,1,0,0,0.0,0.0
50,demander,0.625,0.51,0.731,1,0,0,0,0,0,0.0,1
50,main,0.542,0.314,0.434,0,0,0,0,0,0,0.0,0.0
51,faire,0.684,0.42,0.48,0,0,0,0,0,0,0.0,0.0
51,possible,0.688,0.316,0.548,0,0,0,0,0,1,0.0,0.0
51,père,0.812,0.333,0.824,0,0,0,0,0,0,1,0.0
51,suite,0.79,0.42,0.4,0,0,0,0,0,0,0.0,1
51,idée,0.448,0.551,0.57,0,0,0,0,0,0,0.0,0.32
51,gouvernement,0.427,0.53,0.85,0,0,1,0,0,0,0.594,0.0
51,inspecteur,0.418,0.58,0.852,0,0,0,0,0,0,0.0,0.0
51,bétail,0.729,0.42,0.519,0,0,0,0,0,0,0.0,0.0
52,doute,0.395,0.351,0.231,0,0,1,0,1,0,0.0,0.0
52,nom,0.531,0.23,0.477,0,0,0,0,0,0,0.0,0.0
52,moment,0.604,0.435,0.509,0,0,0,0,0,0,0.0,0.0
52,bien,0.938,0.368,0.534,0,0,1,1,0,1,1,0.0
52,simple,0.327,0.491,0.339,0,0,0,0,0,0,1,0.0
52,chose,0.449,0.222,0.26,1,1,1,0,0,0,0.0,0.0
52,journée,0.719,0.269,0.389,0,0,0,0,0,0,0.0,0.0
52,impossible,0.153,0.51,0.407,0,0,0,0,1,0,0.0,0.0
52,taureau,0.521,0.64,0.644,0,0,1,0,0,0,0.0,0.0
53,tentation,0.365,0.817,0.56,0,0,0,0,0,0,0.0,0.0
53,mettre,0.52,0.398,0.51,0,0,0,0,0,0,0.641,0.0
53,profit,0.93,0.462,0.721,0,0,0,1,0,0,0.4980918346390808,0.6456780268492404
53,dialecte,0.635,0.422,0.526,0,0,0,0,0,0,0.0,0.0
53,père,0.812,0.333,0.824,0,0,0,0,0,0,1,0.0
53,situation,0.531,0.387,0.6,0,0,0,0,0,0,0.0,0.0
53,nom,0.531,0.23,0.477,0,0,0,0,0,0,0.0,0.0
54,possible,0.688,0.316,0.548,0,0,0,0,0,1,0.0,0.0
54,suite,0.79,0.42,0.4,0,0,0,0,0,0,0.0,1
54,père,0.812,0.333,0.824,0,0,0,0,0,0,1,0.0
54,furieux,0.219,0.873,0.277,1,1,1,0,0,0,0.0,0.0
54,malheur,0.34,0.606,0.204,0,1,1,0,1,0,0.0,0.0
54,situation,0.531,0.387,0.6,0,0,0,0,0,0,0.0,0.0
54,faire,0.684,0.42,0.48,0,0,0,0,0,0,0.0,0.0
55,beau,0.701,0.471,0.636,0,0,0,1,0,0,0.0,0.0
55,temps,0.604,0.288,0.609,0,0,0,0,0,0,0.0,1
56,nom,0.531,0.23,0.477,0,0,0,0,0,0,0.0,0.0
56,amour,1.0,0.519,0.673,0,0,0,1,0,0,1,0.590171679501338
56,dictionnaire,0.62,0.25,0.598,0,0,0,0,0,0,1,0.0
56,rôle,0.552,0.26,0.464,0,0,0,0,0,0,0.0,0.0
56,bien,0.938,0.368,0.534,0,0,1,1,0,1,1,0.0
56,possible,0.688,0.316,0.548,0,0,0,0,0,1,0.0,0.0
56,heureux,0.939,0.548,0.795,0,0,0,1,0,0,0.609,0.555
58,saluer,0.833,0.542,0.681,0,0,0,1,0,0,1,0.0
58,bien,0.938,0.368,0.534,0,0,1,1,0,1,1,0.0
58,heureux,0.939,0.548,0.795,0,0,0,1,0,0,0.609,0.555
58,pourquoi,0.561,0.357,0.402,0,0,0,0,0,0,0.0,0.0
58,bras,0.464,0.395,0.483,0,0,0,0,0,0,0.0,0.0
58,chaise,0.562,0.082,0.276,0,0,0,0,0,0,0.0,0.0
59,expression,0.79,0.65,0.721,0,0,0,0,0,0,0.0,0.0
59,note,0.625,0.235,0.407,0,0,0,0,0,0,0.0,0.0
59,simplement,0.535,0.148,0.393,0,0,0,0,0,0,0.711,0.0
59,pourquoi,0.561,0.357,0.402,0,0,0,0,0,0,0.0,0.0
60,élevage,0.735,0.519,0.643,0,0,0,0,0,0,0.0,0.0
60,bétail,0.729,0.42,0.519,0,0,0,0,0,0,0.0,0.0
60,inspecter,0.479,0.603,0.793,0,0,0,0,0,0,0.0,0.0
60,dialecte,0.635,0.422,0.526,0,0,0,0,0,0,0.0,0.0
61,continuer,0.667,0.5,0.52,0,0,0,0,0,0,0.0,0.0
61,dialecte,0.635,0.422,0.526,0,0,0,0,0,0,0.0,0.0
61,doute,0.395,0.351,0.231,0,0,1,0,1,0,0.0,0.0
62,homme,0.688,0.427,0.767,0,0,0,0,0,0,0.0,0.0
62,sage,0.878,0.25,0.861,0,0,0,0,0,0,0.641,0.0
62,lexique,0.561,0.463,0.615,0,0,0,0,0,0,0.0,0.0
62,note,0.625,0.235,0.407,0,0,0,0,0,0,0.0,0.0
62,chose,0.449,0.222,0.26,1,1,1,0,0,0,0.0,0.0
63,lexique,0.561,0.463,0.615,0,0,0,0,0,0,0.0,0.0
63,doute,0.395,0.351,0.231,0,0,1,0,1,0,0.0,0.0
63,naturellement,0.854,0.276,0.549,0,0,0,0,0,0,0.0,0.0
64,paysan,0.53,0.275,0.407,0,0,0,0,0,0,0.0,0.0
64,bien,0.938,0.368,0.534,0,0,1,1,0,1,1,0.0
64,père,0.812,0.333,0.824,0,0,0,0,0,0,1,0.0
64,grand,0.725,0.591,0.538,0,0,0,0,0,0,0.0,0.0
64,élève,0.729,0.406,0.368,0,0,0,0,0,0,0.5567036705902962,0.0
64,café,0.694,0.357,0.307,0,0,0,0,0,0,0.0,0.0
64,apprendre,0.84,0.51,0.852,0,0,0,0,0,1,1,0.0
64,métier,0.68,0.529,0.786,0,0,0,0,0,0,0.0,0.0
64,garçon,0.637,0.388,0.336,0,1,0,0,0,0,0.0,0.0
64,lexique,0.561,0.463,0.615,0,0,0,0,0,0,0.0,0.0
65,temps,0.604,0.288,0.609,0,0,0,0,0,0,0.0,1
65,content,1.0,0.735,0.772,0,0,0,1,0,0,1,1
65,moindre,0.396,0.167,0.211,0,1,0,0,1,0,0.0,0.0
65,idée,0.448,0.551,0.57,0,0,0,0,0,0,0.0,0.32
65,lexique,0.561,0.463,0.615,0,0,0,0,0,0,0.0,0.0
66,bouquet,0.552,0.358,0.473,0,0,0,0,0,0,0.375,0.0
66,père,0.812,0.333,0.824,0,0,0,0,0,0,1,0.0
66,temps,0.604,0.288,0.609,0,0,0,0,0,0,0.0,1
67,bouquet,0.552,0.358,0.473,0,0,0,0,0,0,0.375,0.0
67,confus,0.22,0.65,0.179,0,0,1,0,1,0,0.0,0.0
67,remercier,0.958,0.353,0.526,0,0,0,1,0,0,0.0,0.0
67,décoration,0.878,0.553,0.526,0,0,0,0,0,0,0.461,0.477
67,route,0.583,0.353,0.518,0,0,0,0,0,0,0.0,0.0
67,mettre,0.52,0.398,0.51,0,0,0,0,0,0,0.641,0.0
67,parler,0.833,0.346,0.594,0,0,0,0,0,0,0.0,0.0
67,affaire,0.52,0.459,0.657,0,0,0,0,0,0,0.0,0.0
68,bien,0.938,0.368,0.534,0,0,1,1,0,1,1,0.0
68,tête,0.53,0.472,0.558,0,0,0,0,0,0,0.0,0.0
69,décoration,0.878,0.553,0.526,0,0,0,0,0,0,0.461,0.477
69,bien,0.938,0.368,0.534,0,0,1,1,0,1,1,0.0
69,chose,0.449,0.222,0.26,1,1,1,0,0,0,0.0,0.0
69,faire,0.684,0.42,0.48,0,0,0,0,0,0,0.0,0.0
70,prairie,0.673,0.183,0.415,0,0,0,0,0,0,0.0,0.0
70,humide,0.385,0.417,0.185,0,1,0,0,0,0,0.0,0.0
70,occasion,0.7,0.451,0.398,0,0,0,0,0,1,0.0,0.0
70,concours,0.667,0.698,0.717,1,0,1,0,0,0,0.0,0.523
71,maire,0.469,0.481,0.818,0,0,0,0,0,0,0.0,0.0
71,parler,0.833,0.346,0.594,0,0,0,0,0,0,0.0,0.0
71,partie,0.663,0.278,0.36,0,0,0,1,0,0,0.0,0.0
71,société,0.674,0.464,0.782,0,0,0,0,0,0,0.0,0.0
71,journal,0.602,0.283,0.444,0,0,0,0,0,0,0.0,0.0
71,agriculture,0.643,0.473,0.445,0,0,0,0,0,0,1,0.0
72,main,0.542,0.314,0.434,0,0,0,0,0,0,0.0,0.0
72,concours,0.667,0.698,0.717,1,0,1,0,0,0,0.0,0.523
72,village,0.684,0.367,0.336,0,0,0,0,0,0,0.0,0.0
72,voisin,0.656,0.306,0.481,0,0,0,0,0,0,1,0.281
72,médaille,0.854,0.555,0.746,0,0,0,0,0,1,0.461,0.477
72,doute,0.395,0.351,0.231,0,0,1,0,1,0,0.0,0.0
72,père,0.812,0.333,0.824,0,0,0,0,0,0,1,0.0
73,mot,0.552,0.255,0.482,0,0,0,0,0,0,0.0,0.4919999999999999
73,possible,0.688,0.316,0.548,0,0,0,0,0,1,0.0,0.0
74,effet,0.57,0.518,0.608,0,0,0,0,0,0,0.0,0.0
74,chose,0.449,0.222,0.26,1,1,1,0,0,0,0.0,0.0
74,affaire,0.52,0.459,0.657,0,0,0,0,0,0,0.0,0.0
74,père,0.812,0.333,0.824,0,0,0,0,0,0,1,0.0
76,donner,0.521,0.441,0.694,0,0,0,0,0,0,0.4899619895217705,0.414
76,chaise,0.562,0.082,0.276,0,0,0,0,0,0,0.0,0.0
76,bien,0.938,0.368,0.534,0,0,1,1,0,1,1,0.0
76,dur,0.25,0.65,0.623,1,1,1,0,1,0,0.0,0.0
77,chercher,0.622,0.429,0.482,0,0,0,0,0,0,0.0,1
77,pot,0.367,0.373,0.317,0,0,0,0,0,0,0.0,0.0
77,cuisine,0.7,0.234,0.398,0,0,0,0,0,0,0.0,0.0
77,apporter,0.635,0.46,0.462,0,0,0,0,0,0,0.0,0.0
77,manger,0.731,0.5,0.464,0,0,0,0,0,0,0.0,0.0
77,coup,0.32,0.79,0.689,1,0,1,0,1,1,0.0,0.0
78,impatience,0.278,0.78,0.411,1,0,0,0,0,0,0.0,0.586
79,beau,0.701,0.471,0.636,0,0,0,1,0,0,0.0,0.0
79,troupeau,0.592,0.5,0.474,1,0,1,0,0,0,0.0,0.0
80,déjeuner,0.837,0.24,0.441,0,0,0,0,0,0,0.0,0.0
80,dîner,0.823,0.392,0.379,0,0,0,0,0,0,0.0,0.0
80,aimable,0.948,0.335,0.565,0,0,0,1,0,0,1,0.0
81,simple,0.327,0.491,0.339,0,0,0,0,0,0,1,0.0
81,dur,0.25,0.65,0.623,1,1,1,0,1,0,0.0,0.0
81,bien,0.938,0.368,0.534,0,0,1,1,0,1,1,0.0
82,chien,0.417,0.528,0.582,0,0,0,0,0,0,0.0,0.0
82,expression,0.79,0.65,0.721,0,0,0,0,0,0,0.0,0.0
82,note,0.625,0.235,0.407,0,0,0,0,0,0,0.0,0.0
82,drôle,0.918,0.61,0.566,0,0,0,1,0,0,0.0,0.0
82,type,0.5,0.284,0.364,0,0,0,0,0,0,0.0,0.0
83,école,0.602,0.407,0.672,0,0,0,0,0,0,1,0.0
83,suite,0.79,0.42,0.4,0,0,0,0,0,0,0.0,1
83,bien,0.938,0.368,0.534,0,0,1,1,0,1,1,0.0
83,maison,0.587,0.135,0.533,0,0,0,1,0,0,0.0,0.0
83,oncle,0.653,0.255,0.578,0,0,0,0,0,0,0.0,0.0
83,raison,0.781,0.455,0.712,0,0,0,0,0,0,0.0,0.0
84,santé,0.935,0.427,0.551,0,0,0,1,0,0,0.0,0.0
85,temps,0.604,0.288,0.609,0,0,0,0,0,0,0.0,1
86,rester,0.604,0.275,0.516,0,0,0,0,0,0,0.0,0.0
86,éviter,0.378,0.559,0.407,1,1,1,0,1,0,0.0,0.0
86,moment,0.604,0.435,0.509,0,0,0,0,0,0,0.0,0.0
86,santé,0.935,0.427,0.551,0,0,0,1,0,0,0.0,0.0
86,bien,0.938,0.368,0.534,0,0,1,1,0,1,1,0.0
86,expression,0.79,0.65,0.721,0,0,0,0,0,0,0.0,0.0
86,doigt,0.321,0.264,0.291,0,0,0,0,0,0,0.0,0.0
86,pied,0.76,0.346,0.464,0,0,0,0,0,0,0.0,0.0
86,façon,0.48,0.275,0.42,0,0,0,0,0,0,0.0,0.0
86,parler,0.833,0.346,0.594,0,0,0,0,0,0,0.0,0.0
87,santé,0.935,0.427,0.551,0,0,0,1,0,0,0.0,0.0
87,visiter,0.729,0.44,0.519,0,0,0,0,0,0,0.0,0.0
87,doute,0.395,0.351,0.231,0,0,1,0,1,0,0.0,0.0
88,note,0.625,0.235,0.407,0,0,0,0,0,0,0.0,0.0
88,expression,0.79,0.65,0.721,0,0,0,0,0,0,0.0,0.0
88,premier,0.708,0.275,0.446,0,0,0,1,0,0,0.0,0.0
89,corvée,0.094,0.522,0.241,0,1,0,0,1,0,0.0,0.0
90,ami,0.906,0.413,0.573,0,0,0,0,0,0,1,0.0
90,faire,0.684,0.42,0.48,0,0,0,0,0,0,0.0,0.0
90,chambre,0.729,0.283,0.445,0,0,0,0,0,0,0.0,0.0
90,père,0.812,0.333,0.824,0,0,0,0,0,0,1,0.0
91,dur,0.25,0.65,0.623,1,1,1,0,1,0,0.0,0.0
91,bois,0.656,0.34,0.473,0,0,0,0,0,0,0.0,0.0
91,potence,0.167,0.712,0.422,1,0,1,0,1,0,0.0,0.0
91,façon,0.48,0.275,0.42,0,0,0,0,0,0,0.0,0.0
91,parler,0.833,0.346,0.594,0,0,0,0,0,0,0.0,0.0
91,père,0.812,0.333,0.824,0,0,0,0,0,0,1,0.0
91,note,0.625,0.235,0.407,0,0,0,0,0,0,0.0,0.0
91,expression,0.79,0.65,0.721,0,0,0,0,0,0,0.0,0.0
91,notaire,0.541,0.451,0.676,0,0,0,0,0,0,1,0.0
91,espèce,0.561,0.33,0.645,0,0,0,0,0,0,0.0,0.0
91,bétail,0.729,0.42,0.519,0,0,0,0,0,0,0.0,0.0
92,père,0.812,0.333,0.824,0,0,0,0,0,0,1,0.0
92,recommandation,0.912,0.388,0.664,0,0,0,0,0,0,1,0.0
92,vingt,0.52,0.292,0.286,0,0,0,0,0,0,0.0,0.0
92,vendre,0.618,0.608,0.605,0,0,0,0,0,0,0.0,0.0
92,acheteur,0.51,0.549,0.673,0,0,0,0,0,0,0.0,0.0
93,grand,0.725,0.591,0.538,0,0,0,0,0,0,0.0,0.0
93,diable,0.161,0.9,0.611,1,1,1,0,1,0,0.0,0.273
93,pourquoi,0.561,0.357,0.402,0,0,0,0,0,0,0.0,0.0
93,cheval,0.688,0.588,0.566,0,0,0,0,0,0,0.0,0.0
93,blanc,0.729,0.173,0.42,0,0,0,0,0,0,0.0,0.0
94,nom,0.531,0.23,0.477,0,0,0,0,0,0,0.0,0.0
94,ciel,0.958,0.234,0.401,0,0,0,0,0,0,0.531,0.0
94,jeune,0.827,0.48,0.686,0,0,0,0,0,1,0.0,0.5
94,pension,0.612,0.477,0.464,0,0,0,0,0,0,0.0,0.0
94,femme,0.865,0.5,0.578,0,0,0,0,0,0,0.0,0.0
95,main,0.542,0.314,0.434,0,0,0,0,0,0,0.0,0.0
95,ami,0.906,0.413,0.573,0,0,0,0,0,0,1,0.0
96,note,0.625,0.235,0.407,0,0,0,0,0,0,0.0,0.0
96,expression,0.79,0.65,0.721,0,0,0,0,0,0,0.0,0.0
97,heure,0.552,0.265,0.336,0,0,0,0,0,0,0.0,0.516
97,juste,0.812,0.557,0.643,0,0,0,0,0,0,0.789,0.0
97,trouver,0.774,0.555,0.58,0,0,0,0,0,0,0.0,0.0
98,agréable,0.948,0.529,0.669,0,0,0,1,0,0,1,1
98,singe,0.548,0.449,0.283,0,0,0,0,0,0,0.0,0.0
98,content,1.0,0.735,0.772,0,0,0,1,0,0,1,1
98,ami,0.906,0.413,0.573,0,0,0,0,0,0,1,0.0
99,voiture,0.776,0.54,0.5,0,0,0,0,0,0,0.0,0.0
99,bien,0.938,0.368,0.534,0,0,1,1,0,1,1,0.0
99,conduire,0.323,0.657,0.455,0,0,0,0,0,0,0.57,0.0
100,idiot,0.384,0.349,0.161,1,1,0,1,0,0,0.0,0.0
100,imbécile,0.082,0.569,0.26,1,1,0,0,0,0,0.0,0.0
101,fille,0.656,0.536,0.433,0,0,0,1,0,0,0.0,0.0
101,parler,0.833,0.346,0.594,0,0,0,0,0,0,0.0,0.0
101,haut,0.667,0.637,0.645,0,0,0,0,0,0,0.0,0.0
101,mal,0.04,0.827,0.545,1,1,1,0,1,0,0.0,0.0
102,cheval,0.688,0.588,0.566,0,0,0,0,0,0,0.0,0.0
102,trompette,0.673,0.6,0.676,0,0,0,0,0,0,0.0,0.0
102,fille,0.656,0.536,0.433,0,0,0,1,0,0,0.0,0.0
102,femme,0.865,0.5,0.578,0,0,0,0,0,0,0.0,0.0
103,idiot,0.384,0.349,0.161,1,1,0,1,0,0,0.0,0.0
103,possible,0.688,0.316,0.548,0,0,0,0,0,1,0.0,0.0
103,épouse,0.632,0.509,0.63,0,0,0,0,0,0,0.0,0.0
103,bien,0.938,0.368,0.534,0,0,1,1,0,1,1,0.0
103,manger,0.731,0.5,0.464,0,0,0,0,0,0,0.0,0.0
103,coup,0.32,0.79,0.689,1,0,1,0,1,1,0.0,0.0
104,note,0.625,0.235,0.407,0,0,0,0,0,0,0.0,0.0
104,expression,0.79,0.65,0.721,0,0,0,0,0,0,0.0,0.0
104,temps,0.604,0.288,0.609,0,0,0,0,0,0,0.0,1
104,beau,0.701,0.471,0.636,0,0,0,1,0,0,0.0,0.0
105,dommage,0.059,0.726,0.403,1,1,1,0,1,0,0.0,0.0
105,bon,0.622,0.416,0.601,0,0,0,0,0,1,0.0,0.0
105,pluie,0.542,0.388,0.33,0,0,0,0,1,0,0.0,0.0
105,santé,0.935,0.427,0.551,0,0,0,1,0,0,0.0,0.0
106,diable,0.161,0.9,0.611,1,1,1,0,1,0,0.0,0.273
106,école,0.602,0.407,0.672,0,0,0,0,0,0,1,0.0
107,gens,0.604,0.4,0.5,0,0,0,0,0,0,0.0,0.0
107,école,0.602,0.407,0.672,0,0,0,0,0,0,1,0.0
107,bras,0.464,0.395,0.483,0,0,0,0,0,0,0.0,0.0
107,droit,0.851,0.39,0.708,0,0,0,0,0,0,1,0.0
107,village,0.684,0.367,0.336,0,0,0,0,0,0,0.0,0.0
108,gras,0.286,0.361,0.325,0,1,0,0,0,0,0.0,0.0
108,ruche,0.471,0.452,0.544,1,0,1,0,0,0,0.0,0.0
109,bien,0.938,0.368,0.534,0,0,1,1,0,1,1,0.0
109,parler,0.833,0.346,0.594,0,0,0,0,0,0,0.0,0.0
109,bétail,0.729,0.42,0.519,0,0,0,0,0,0,0.0,0.0
109,voisin,0.656,0.306,0.481,0,0,0,0,0,0,1,0.281
110,vélo,0.708,0.519,0.425,0,0,0,0,0,0,0.0,0.0
110,journal,0.602,0.283,0.444,0,0,0,0,0,0,0.0,0.0
110,gens,0.604,0.4,0.5,0,0,0,0,0,0,0.0,0.0
110,mérite,0.854,0.5,0.722,0,0,0,0,0,0,1,0.602
110,commune,0.5,0.488,0.655,0,0,0,0,0,0,0.0,0.0
110,bien,0.938,0.368,0.534,0,0,1,1,0,1,1,0.0
110,faire,0.684,0.42,0.48,0,0,0,0,0,0,0.0,0.0
110,petit,0.344,0.458,0.31,0,0,0,0,1,0,0.0,0.5
110,tour,0.531,0.398,0.482,1,1,0,0,0,1,0.0,0.0
110,village,0.684,0.367,0.336,0,0,0,0,0,0,0.0,0.0
110,dîner,0.823,0.392,0.379,0,0,0,0,0,0,0.0,0.0
111,rage,0.219,0.927,0.598,1,0,1,0,0,0,0.0,0.0
111,aller,0.51,0.441,0.444,0,0,0,0,0,0,0.0,0.0
111,taureau,0.521,0.64,0.644,0,0,1,0,0,0,0.0,0.0
111,commune,0.5,0.488,0.655,0,0,0,0,0,0,0.0,0.0
111,maison,0.587,0.135,0.533,0,0,0,1,0,0,0.0,0.0
111,école,0.602,0.407,0.672,0,0,0,0,0,0,1,0.0
111,bien,0.938,0.368,0.534,0,0,1,1,0,1,1,0.0
112,matin,0.542,0.284,0.345,0,0,0,0,0,0,0.0,0.5369560890018037
112,visiter,0.729,0.44,0.519,0,0,0,0,0,0,0.0,0.0
112,exemple,0.547,0.45,0.558,0,0,0,0,0,0,0.0,0.0
112,pompe,0.417,0.882,0.681,0,0,0,0,0,0,0.0,0.0
112,crever,0.337,0.346,0.298,0,0,1,0,1,1,0.0,0.0
112,rage,0.219,0.927,0.598,1,0,1,0,0,0,0.0,0.0
113,village,0.684,0.367,0.336,0,0,0,0,0,0,0.0,0.0
113,entier,0.653,0.357,0.572,0,0,0,0,0,0,0.0,0.0
113,matériel,0.531,0.294,0.417,0,0,0,0,0,0,0.0,0.0
113,incendie,0.344,0.721,0.594,1,0,1,0,0,1,0.0,0.0
113,juste,0.812,0.557,0.643,0,0,0,0,0,0,0.789,0.0
113,honneur,0.896,0.587,0.857,0,0,0,0,0,0,1,0.0
113,peine,0.062,0.49,0.24,0,0,0,0,1,0,0.0,0.0
113,rendre,0.541,0.395,0.448,0,0,0,0,0,0,0.0,0.0
113,bien,0.938,0.368,0.534,0,0,1,1,0,1,1,0.0
113,mal,0.04,0.827,0.545,1,1,1,0,1,0,0.0,0.0
114,pompe,0.417,0.882,0.681,0,0,0,0,0,0,0.0,0.0
114,rage,0.219,0.927,0.598,1,0,1,0,0,0,0.0,0.0
114,crever,0.337,0.346,0.298,0,0,1,0,1,1,0.0,0.0
115,accompagner,0.833,0.406,0.585,0,0,0,0,0,0,0.0,0.0
115,tenir,0.448,0.29,0.364,0,0,0,0,0,0,0.0,0.0
115,compagnie,0.906,0.425,0.798,0,0,0,0,0,0,0.0,0.0
115,laisse,0.32,0.347,0.427,1,0,1,0,1,0,0.0,0.0
115,aller,0.51,0.441,0.444,0,0,0,0,0,0,0.0,0.0
115,imbécile,0.082,0.569,0.26,1,1,0,0,0,0,0.0,0.0
116,bête,0.255,0.459,0.175,1,1,1,0,0,0,0.0,0.0
117,bien,0.938,0.368,0.534,0,0,1,1,0,1,1,0.0
117,chose,0.449,0.222,0.26,1,1,1,0,0,0,0.0,0.0
117,beau,0.701,0.471,0.636,0,0,0,1,0,0,0.0,0.0
117,âge,0.561,0.226,0.498,0,0,1,0,1,0,0.586,0.0
117,vingt,0.52,0.292,0.286,0,0,0,0,0,0,0.0,0.0
117,jeunesse,0.938,0.608,0.736,1,0,1,0,0,1,0.0,0.492
117,temps,0.604,0.288,0.609,0,0,0,0,0,0,0.0,1
118,verre,0.49,0.404,0.322,0,0,0,0,0,0,0.0,0.0
118,litre,0.439,0.265,0.436,0,0,0,0,0,0,0.0,0.0
118,bon,0.622,0.416,0.601,0,0,0,0,0,1,0.0,0.0
118,suite,0.79,0.42,0.4,0,0,0,0,0,0,0.0,1
118,aller,0.51,0.441,0.444,0,0,0,0,0,0,0.0,0.0
118,aubergiste,0.578,0.224,0.472,0,0,0,0,0,0,0.0,0.0
118,médecin,0.583,0.49,0.843,0,0,0,0,0,0,1,0.0
119,beau,0.701,0.471,0.636,0,0,0,1,0,0,0.0,0.0
119,baiser,0.417,0.462,0.34,1,0,0,1,0,1,0.0,1
119,billet,0.684,0.387,0.434,0,0,0,0,0,0,0.0,0.0
119,gagner,0.927,0.694,0.888,0,0,0,1,0,0,1,0.602
120,paysan,0.53,0.275,0.407,0,0,0,0,0,0,0.0,0.0
120,faire,0.684,0.42,0.48,0,0,0,0,0,0,0.0,0.0
121,amour,1.0,0.519,0.673,0,0,0,1,0,0,1,0.590171679501338
121,bien,0.938,0.368,0.534,0,0,1,1,0,1,1,0.0
121,crever,0.337,0.346,0.298,0,0,1,0,1,1,0.0,0.0
121,liste,0.531,0.306,0.381,0,0,0,0,0,0,0.0,0.0
122,triste,0.135,0.555,0.255,0,0,1,0,1,0,0.0,0.0
122,bien,0.938,0.368,0.534,0,0,1,1,0,1,1,0.0
122,fâcheux,0.122,0.555,0.291,1,1,0,0,0,0,0.0,0.0
122,idée,0.448,0.551,0.57,0,0,0,0,0,0,0.0,0.32
122,véritable,0.794,0.33,0.759,0,0,0,0,0,0,0.789,0.0
123,père,0.812,0.333,0.824,0,0,0,0,0,0,1,0.0
123,conseil,0.875,0.279,0.635,0,0,0,0,0,0,1,0.328
123,municipal,0.625,0.39,0.758,0,0,0,0,0,0,0.0,0.0
123,rester,0.604,0.275,0.516,0,0,0,0,0,0,0.0,0.0
123,idiot,0.384,0.349,0.161,1,1,0,1,0,0,0.0,0.0
124,as,0.467,0.545,0.441,0,0,0,1,0,0,0.0,0.0
124,brillant,0.885,0.59,0.726,0,0,0,1,0,0,1,0.4609999999999999
124,heure,0.552,0.265,0.336,0,0,0,0,0,0,0.0,0.516
124,jeune,0.827,0.48,0.686,0,0,0,0,0,1,0.0,0.5
124,homme,0.688,0.427,0.767,0,0,0,0,0,0,0.0,0.0
125,chose,0.449,0.222,0.26,1,1,1,0,0,0,0.0,0.0
125,haut,0.667,0.637,0.645,0,0,0,0,0,0,0.0,0.0
125,village,0.684,0.367,0.336,0,0,0,0,0,0,0.0,0.0
125,moment,0.604,0.435,0.509,0,0,0,0,0,0,0.0,0.0
126,rester,0.604,0.275,0.516,0,0,0,0,0,0,0.0,0.0
126,difficile,0.257,0.729,0.598,0,0,0,0,1,0,0.0,0.0
126,camarade,0.847,0.417,0.669,0,0,0,0,0,0,1,0.0
126,faire,0.684,0.42,0.48,0,0,0,0,0,0,0.0,0.0
126,article,0.594,0.27,0.465,0,0,0,0,0,0,0.0,0.0
127,rire,0.959,0.654,0.588,0,0,0,1,0,1,0.0,0.422
127,malade,0.104,0.431,0.136,0,1,1,0,1,0,0.0,0.0
127,vache,0.449,0.23,0.3,0,0,0,0,0,0,0.0,0.0
127,coup,0.32,0.79,0.689,1,0,1,0,1,1,0.0,0.0
127,queue,0.48,0.272,0.293,0,0,0,0,1,0,0.0,0.0
127,tomber,0.177,0.657,0.221,0,0,1,0,1,0,0.0,0.0
127,chapeau,0.604,0.183,0.353,0,0,0,0,0,0,0.0,0.0
127,école,0.602,0.407,0.672,0,0,0,0,0,0,1,0.0
128,râteau,0.41,0.286,0.314,0,0,0,0,0,0,0.0,0.0
128,façon,0.48,0.275,0.42,0,0,0,0,0,0,0.0,0.0
128,manche,0.531,0.27,0.273,0,0,0,0,0,0,0.0,0.0
128,nez,0.582,0.27,0.245,0,1,0,0,0,0,0.0,0.0
129,article,0.594,0.27,0.465,0,0,0,0,0,0,0.0,0.0
129,affaire,0.52,0.459,0.657,0,0,0,0,0,0,0.0,0.0
129,bien,0.938,0.368,0.534,0,0,1,1,0,1,1,0.0
129,nombre,0.406,0.231,0.471,0,0,0,0,0,0,0.0,0.0
129,quantité,0.52,0.472,0.783,0,0,0,0,0,0,0.0,0.0
129,bétail,0.729,0.42,0.519,0,0,0,0,0,0,0.0,0.0
129,bref,0.469,0.3,0.279,0,0,0,0,0,0,0.0,0.0
130,lécher,0.47,0.482,0.33,0,1,0,0,0,0,0.0,0.0
130,diable,0.161,0.9,0.611,1,1,1,0,1,0,0.0,0.273
131,faire,0.684,0.42,0.48,0,0,0,0,0,0,0.0,0.0
131,mal,0.04,0.827,0.545,1,1,1,0,1,0,0.0,0.0
131,corvée,0.094,0.522,0.241,0,1,0,0,1,0,0.0,0.0
132,juste,0.812,0.557,0.643,0,0,0,0,0,0,0.789,0.0
133,particulier,0.6,0.491,0.564,0,0,1,0,0,1,0.0,0.0
133,animal,0.521,0.51,0.513,0,1,1,0,0,0,0.0,0.0
133,sacré,0.833,0.375,0.862,0,0,0,0,0,0,0.672,0.391
133,juste,0.812,0.557,0.643,0,0,0,0,0,0,0.789,0.0
134,noir,0.375,0.394,0.365,1,1,1,0,1,0,0.0,0.0
135,bien,0.938,0.368,0.534,0,0,1,1,0,1,1,0.0
135,note,0.625,0.235,0.407,0,0,0,0,0,0,0.0,0.0
135,expression,0.79,0.65,0.721,0,0,0,0,0,0,0.0,0.0
136,demander,0.625,0.51,0.731,1,0,0,0,0,0,0.0,1
136,époque,0.553,0.343,0.797,0,0,0,0,0,0,0.0,0.516
136,fièvre,0.194,0.674,0.364,0,0,1,0,0,0,0.0,0.0
136,histoire,0.729,0.382,0.754,1,0,0,0,1,0,0.0,0.0
137,peste,0.083,0.596,0.355,0,1,1,0,1,0,0.0,0.0
137,siècle,0.407,0.347,0.735,0,0,0,0,0,0,0.0,0.0
137,histoire,0.729,0.382,0.754,1,0,0,0,1,0,0.0,0.0
138,note,0.625,0.235,0.407,0,0,0,0,0,0,0.0,0.0
138,bien,0.938,0.368,0.534,0,0,1,1,0,1,1,0.0
138,certificat,0.786,0.377,0.746,0,0,0,0,0,0,0.0,0.0
138,chose,0.449,0.222,0.26,1,1,1,0,0,0,0.0,0.0
138,imbécile,0.082,0.569,0.26,1,1,0,0,0,0,0.0,0.0
138,faire,0.684,0.42,0.48,0,0,0,0,0,0,0.0,0.0
138,chambre,0.729,0.283,0.445,0,0,0,0,0,0,0.0,0.0
138,donner,0.521,0.441,0.694,0,0,0,0,0,0,0.4899619895217705,0.414
138,bois,0.656,0.34,0.473,0,0,0,0,0,0,0.0,0.0
138,hiver,0.663,0.355,0.5,0,0,0,0,1,0,0.0,0.0
139,paix,0.939,0.156,0.613,0,0,0,1,0,0,1,0.0
139,plein,0.602,0.255,0.704,0,0,0,0,0,0,0.6698497334343605,0.0
139,note,0.625,0.235,0.407,0,0,0,0,0,0,0.0,0.0
139,expression,0.79,0.65,0.721,0,0,0,0,0,0,0.0,0.0
140,goutte,0.354,0.314,0.17,0,1,1,0,1,0,0.0,0.0
140,bière,0.656,0.657,0.817,0,0,0,1,0,0,0.0,0.0
140,tenir,0.448,0.29,0.364,0,0,0,0,0,0,0.0,0.0
140,ivre,0.079,0.824,0.246,0,1,0,0,0,0,0.0,0.0
140,voyant,0.698,0.657,0.661,0,1,0,0,0,0,0.0,0.0
140,père,0.812,0.333,0.824,0,0,0,0,0,0,1,0.0
140,famille,0.968,0.383,0.643,0,0,0,0,0,0,0.0,0.0
141,bon,0.622,0.416,0.601,0,0,0,0,0,1,0.0,0.0
141,manger,0.731,0.5,0.464,0,0,0,0,0,0,0.0,0.0
141,liste,0.531,0.306,0.381,0,0,0,0,0,0,0.0,0.0
141,mauvais,0.073,0.41,0.2,1,1,1,0,1,0,0.0,0.0
142,monde,0.622,0.394,0.75,0,0,0,0,0,0,0.0,0.0
142,école,0.602,0.407,0.672,0,0,0,0,0,0,1,0.0
143,ordre,0.602,0.35,0.72,0,0,0,0,0,0,0.0,0.0
143,maison,0.587,0.135,0.533,0,0,0,1,0,0,0.0,0.0
143,corvée,0.094,0.522,0.241,0,1,0,0,1,0,0.0,0.0
144,doute,0.395,0.351,0.231,0,0,1,0,1,0,0.0,0.0
144,revenu,0.873,0.51,0.854,0,0,0,0,1,0,0.0,0.0
145,décoration,0.878,0.553,0.526,0,0,0,0,0,0,0.461,0.477
145,faire,0.684,0.42,0.48,0,0,0,0,0,0,0.0,0.0
145,bien,0.938,0.368,0.534,0,0,1,1,0,1,1,0.0
145,rage,0.219,0.927,0.598,1,0,1,0,0,0,0.0,0.0
145,prendre,0.828,0.537,0.348,0,0,1,0,0,1,0.0,0.0
146,campagne,0.732,0.288,0.327,1,0,1,0,0,0,0.0,0.0
146,montrer,0.622,0.54,0.491,0,0,1,0,0,0,0.0,0.0
146,bien,0.938,0.368,0.534,0,0,1,1,0,1,1,0.0
146,volontiers,0.833,0.316,0.588,0,0,0,0,0,0,0.6176770829555306,0.383
147,chercher,0.622,0.429,0.482,0,0,0,0,0,0,0.0,1
147,moment,0.604,0.435,0.509,0,0,0,0,0,0,0.0,0.0
147,savant,0.75,0.466,0.709,0,0,0,0,0,0,0.0,0.0
147,homme,0.688,0.427,0.767,0,0,0,0,0,0,0.0,0.0
147,fin,0.344,0.365,0.492,0,0,1,0,1,0,0.0,0.0
147,sage,0.878,0.25,0.861,0,0,0,0,0,0,0.641,0.0
148,homme,0.688,0.427,0.767,0,0,0,0,0,0,0.0,0.0
148,savant,0.75,0.466,0.709,0,0,0,0,0,0,0.0,0.0
148,parler,0.833,0.346,0.594,0,0,0,0,0,0,0.0,0.0
148,dîner,0.823,0.392,0.379,0,0,0,0,0,0,0.0,0.0
148,maison,0.587,0.135,0.533,0,0,0,1,0,0,0.0,0.0
148,cuire,0.867,0.418,0.519,0,0,0,0,0,0,0.0,0.4689470294224869
148,jambon,0.673,0.245,0.404,0,0,0,0,0,0,0.0,0.0
149,carte,0.561,0.229,0.463,0,0,0,0,0,0,0.0,0.0
149,parler,0.833,0.346,0.594,0,0,0,0,0,0,0.0,0.0
149,municipal,0.625,0.39,0.758,0,0,0,0,0,0,0.0,0.0
149,quelconque,0.49,0.434,0.348,0,0,0,0,1,0,0.0,0.0
149,aller,0.51,0.441,0.444,0,0,0,0,0,0,0.0,0.0
149,chercher,0.622,0.429,0.482,0,0,0,0,0,0,0.0,1
149,aubergiste,0.578,0.224,0.472,0,0,0,0,0,0,0.0,0.0
149,bouteille,0.469,0.236,0.336,0,0,0,0,0,0,0.0,0.0
150,billet,0.684,0.387,0.434,0,0,0,0,0,0,0.0,0.0
150,risque,0.24,0.816,0.438,0,0,1,0,0,0,0.0,1
150,gagner,0.927,0.694,0.888,0,0,0,1,0,0,1,0.602
150,devenir,0.641,0.583,0.643,0,0,0,0,0,0,0.0,0.0
150,difficile,0.257,0.729,0.598,0,0,0,0,1,0,0.0,0.0
151,père,0.812,0.333,0.824,0,0,0,0,0,0,1,0.0
151,bête,0.255,0.459,0.175,1,1,1,0,0,0,0.0,0.0
152,bon,0.622,0.416,0.601,0,0,0,0,0,1,0.0,0.0
152,note,0.625,0.235,0.407,0,0,0,0,0,0,0.0,0.0
152,mot,0.552,0.255,0.482,0,0,0,0,0,0,0.0,0.4919999999999999
152,garde,0.653,0.51,0.586,0,0,0,0,0,0,1,0.0
152,valse,0.769,0.41,0.315,0,0,0,0,0,0,0.0,0.0
153,idée,0.448,0.551,0.57,0,0,0,0,0,0,0.0,0.32
153,écrire,0.612,0.387,0.534,0,0,0,0,0,0,0.0,0.0
153,bien,0.938,0.368,0.534,0,0,1,1,0,1,1,0.0
153,chien,0.417,0.528,0.582,0,0,0,0,0,0,0.0,0.0
153,nom,0.531,0.23,0.477,0,0,0,0,0,0,0.0,0.0
154,faire,0.684,0.42,0.48,0,0,0,0,0,0,0.0,0.0
154,maison,0.587,0.135,0.533,0,0,0,1,0,0,0.0,0.0
154,crainte,0.153,0.792,0.368,0,0,1,0,0,0,0.0,1
154,peine,0.062,0.49,0.24,0,0,0,0,1,0,0.0,0.0
154,repos,0.469,0.1,0.33,0,0,0,1,0,0,0.594,0.0
154,nouveau,0.745,0.741,0.52,0,0,0,0,0,0,0.0,0.0
155,bouteille,0.469,0.236,0.336,0,0,0,0,0,0,0.0,0.0
155,mort,0.052,0.454,0.194,0,1,0,0,1,0,0.0,0.398
155,chanson,0.854,0.413,0.5,0,0,0,0,0,0,0.0,0.0
155,populaire,0.88,0.676,0.731,0,0,0,0,0,0,0.656,0.0
155,air,0.708,0.163,0.427,0,1,0,0,0,0,0.0,0.0
156,grand,0.725,0.591,0.538,0,0,0,0,0,0,0.0,0.0
156,honneur,0.896,0.587,0.857,0,0,0,0,0,0,1,0.0
157,curieux,0.292,0.558,0.433,0,0,0,0,0,0,0.398,0.4772722505661285
157,impossible,0.153,0.51,0.407,0,0,0,0,1,0,0.0,0.0
157,croire,0.87,0.418,0.833,0,0,0,0,0,0,1,0.0
157,fin,0.344,0.365,0.492,0,0,1,0,1,0,0.0,0.0
157,heureux,0.939,0.548,0.795,0,0,0,1,0,0,0.609,0.555
157,tenir,0.448,0.29,0.364,0,0,0,0,0,0,0.0,0.0
157,moment,0.604,0.435,0.509,0,0,0,0,0,0,0.0,0.0
158,volontiers,0.833,0.316,0.588,0,0,0,0,0,0,0.6176770829555306,0.383
158,moment,0.604,0.435,0.509,0,0,0,0,0,0,0.0,0.0
158,servir,0.622,0.4,0.384,0,0,0,0,0,0,0.0,0.0
158,gens,0.604,0.4,0.5,0,0,0,0,0,0,0.0,0.0
158,refuser,0.18,0.52,0.331,0,0,0,0,0,0,0.0,0.0
159,aubergiste,0.578,0.224,0.472,0,0,0,0,0,0,0.0,0.0
159,faire,0.684,0.42,0.48,0,0,0,0,0,0,0.0,0.0
159,diable,0.161,0.9,0.611,1,1,1,0,1,0,0.0,0.273
160,bien,0.938,0.368,0.534,0,0,1,1,0,1,1,0.0
160,mettre,0.52,0.398,0.51,0,0,0,0,0,0,0.641,0.0
160,défendre,0.698,0.321,0.561,1,0,0,0,0,0,1,0.0
160,garçon,0.637,0.388,0.336,0,1,0,0,0,0,0.0,0.0
161,voiture,0.776,0.54,0.5,0,0,0,0,0,0,0.0,0.0
161,conduire,0.323,0.657,0.455,0,0,0,0,0,0,0.57,0.0
161,gare,0.688,0.367,0.519,0,0,0,0,0,0,0.0,0.609
163,moment,0.604,0.435,0.509,0,0,0,0,0,0,0.0,0.0
164,singulier,0.61,0.302,0.482,0,0,0,0,0,0,0.0,0.0
164,as,0.467,0.545,0.441,0,0,0,1,0,0,0.0,0.0
164,bête,0.255,0.459,0.175,1,1,1,0,0,0,0.0,0.0
164,instantané,0.573,0.578,0.588,0,0,0,0,0,1,0.0,0.6979713333510138
165,fort,0.912,0.745,0.895,0,0,0,0,0,0,1,0.0
165,effrayant,0.104,0.858,0.38,1,0,1,0,1,1,0.0,0.0
165,drôle,0.918,0.61,0.566,0,0,0,1,0,0,0.0,0.0
165,type,0.5,0.284,0.364,0,0,0,0,0,0,0.0,0.0
166,peur,0.073,0.84,0.293,1,0,1,0,0,1,0.0,0.531
167,nom,0.531,0.23,0.477,0,0,0,0,0,0,0.0,0.0
167,demander,0.625,0.51,0.731,1,0,0,0,0,0,0.0,1
167,donner,0.521,0.441,0.694,0,0,0,0,0,0,0.4899619895217705,0.414
168,bête,0.255,0.459,0.175,1,1,1,0,0,0,0.0,0.0
168,chanson,0.854,0.413,0.5,0,0,0,0,0,0,0.0,0.0
168,grandiose,0.9,0.682,0.864,0,0,0,0,0,1,0.0,0.0
168,originalité,0.898,0.5,0.824,0,0,0,0,0,1,0.0,0.0
169,drôle,0.918,0.61,0.566,0,0,0,1,0,0,0.0,0.0
169,aimable,0.948,0.335,0.565,0,0,0,1,0,0,1,0.0
169,tenir,0.448,0.29,0.364,0,0,0,0,0,0,0.0,0.0
170,monde,0.622,0.394,0.75,0,0,0,0,0,0,0.0,0.0
171,devenir,0.641,0.583,0.643,0,0,0,0,0,0,0.0,0.0
172,histoire,0.729,0.382,0.754,1,0,0,0,1,0,0.0,0.0
172,monde,0.622,0.394,0.75,0,0,0,0,0,0,0.0,0.0
172,garder,0.714,0.296,0.547,0,0,0,0,0,0,0.5648080128282104,0.0
173,garçon,0.637,0.388,0.336,0,1,0,0,0,0,0.0,0.0
173,voiture,0.776,0.54,0.5,0,0,0,0,0,0,0.0,0.0
173,goutte,0.354,0.314,0.17,0,1,1,0,1,0,0.0,0.0
173,gorge,0.35,0.538,0.346,0,1,1,0,0,0,0.0,0.0
173,pantalon,0.625,0.314,0.442,0,0,0,0,0,0,0.0,0.0
173,velours,0.663,0.226,0.304,0,0,0,0,0,0,0.0,0.0
174,pension,0.612,0.477,0.464,0,0,0,0,0,0,0.0,0.0
174,drôle,0.918,0.61,0.566,0,0,0,1,0,0,0.0,0.0
174,monde,0.622,0.394,0.75,0,0,0,0,0,0,0.0,0.0
175,commerçant,0.531,0.431,0.664,0,0,0,0,0,0,0.0,0.0
175,vélo,0.708,0.519,0.425,0,0,0,0,0,0,0.0,0.0
176,faire,0.684,0.42,0.48,0,0,0,0,0,0,0.0,0.0
176,campagne,0.732,0.288,0.327,1,0,1,0,0,0,0.0,0.0
176,amusant,0.96,0.829,0.632,0,0,0,1,0,0,0.664,0.0
176,instructif,0.583,0.42,0.643,0,0,0,0,0,0,0.0,0.0
176,vélo,0.708,0.519,0.425,0,0,0,0,0,0,0.0,0.0
177,gare,0.688,0.367,0.519,0,0,0,0,0,0,0.0,0.609
178,idée,0.448,0.551,0.57,0,0,0,0,0,0,0.0,0.32
178,leçon,0.704,0.577,0.593,0,0,0,0,0,0,0.0,0.0
178,ville,0.551,0.299,0.627,0,0,0,0,0,0,0.0,0.0
178,plein,0.602,0.255,0.704,0,0,0,0,0,0,0.6698497334343605,0.0
178,rustique,0.369,0.657,0.491,0,0,0,0,0,0,0.0,0.0
178,faire,0.684,0.42,0.48,0,0,0,0,0,0,0.0,0.0
178,tour,0.531,0.398,0.482,1,1,0,0,0,1,0.0,0.0
178,valse,0.769,0.41,0.315,0,0,0,0,0,0,0.0,0.0
179,ventre,0.406,0.423,0.361,0,0,0,0,0,0,0.0,0.0
179,rire,0.959,0.654,0.588,0,0,0,1,0,1,0.0,0.422
179,porte,0.51,0.235,0.426,0,0,0,0,0,0,0.0,0.0
179,pantalon,0.625,0.314,0.442,0,0,0,0,0,0,0.0,0.0
179,témoin,0.562,0.569,0.593,0,0,0,0,0,0,1,0.0
179,oie,0.479,0.283,0.265,0,0,0,0,0,0,0.0,0.0
180,oie,0.479,0.283,0.265,0,0,0,0,0,0,0.0,0.0
180,doucement,0.517,0.206,0.304,0,0,0,1,0,0,0.0,0.0
180,menthe,0.635,0.292,0.361,0,0,0,0,0,0,0.0,0.0
180,suite,0.79,0.42,0.4,0,0,0,0,0,0,0.0,1
180,nettoyer,0.729,0.314,0.451,0,0,0,0,0,0,0.5357581924957878,0.0
181,doute,0.395,0.351,0.231,0,0,1,0,1,0,0.0,0.0
181,délinquant,0.104,0.851,0.537,1,1,1,0,1,0,0.0,0.0
181,oie,0.479,0.283,0.265,0,0,0,0,0,0,0.0,0.0
182,village,0.684,0.367,0.336,0,0,0,0,0,0,0.0,0.0
182,rue,0.582,0.481,0.49,0,0,0,0,0,0,0.0,0.0
182,précisément,0.816,0.388,0.714,0,0,0,0,0,0,0.0,0.0
182,vis,0.385,0.46,0.377,1,0,0,0,0,0,0.0,0.0
182,délinquant,0.104,0.851,0.537,1,1,1,0,1,0,0.0,0.0
182,vélo,0.708,0.519,0.425,0,0,0,0,0,0,0.0,0.0
182,oie,0.479,0.283,0.265,0,0,0,0,0,0,0.0,0.0
182,coup,0.32,0.79,0.689,1,0,1,0,1,1,0.0,0.0
182,histoire,0.729,0.382,0.754,1,0,0,0,1,0,0.0,0.0
182,garçon,0.637,0.388,0.336,0,1,0,0,0,0,0.0,0.0
183,précisément,0.816,0.388,0.714,0,0,0,0,0,0,0.0,0.0
183,montrer,0.622,0.54,0.491,0,0,1,0,0,0,0.0,0.0
183,chose,0.449,0.222,0.26,1,1,1,0,0,0,0.0,0.0
183,diable,0.161,0.9,0.611,1,1,1,0,1,0,0.0,0.273
183,note,0.625,0.235,0.407,0,0,0,0,0,0,0.0,0.0
183,expression,0.79,0.65,0.721,0,0,0,0,0,0,0.0,0.0
183,pied,0.76,0.346,0.464,0,0,0,0,0,0,0.0,0.0
184,bien,0.938,0.368,0.534,0,0,1,1,0,1,1,0.0
184,temps,0.604,0.288,0.609,0,0,0,0,0,0,0.0,1
184,pénible,0.075,0.75,0.375,1,1,1,0,1,0,0.0,0.0
184,mille,0.663,0.355,0.48,0,0,0,0,0,0,0.0,0.0
185,honneur,0.896,0.587,0.857,0,0,0,0,0,0,1,0.0
185,bien,0.938,0.368,0.534,0,0,1,1,0,1,1,0.0
185,peine,0.062,0.49,0.24,0,0,0,0,1,0,0.0,0.0
186,gaffe,0.333,0.418,0.429,0,1,1,0,1,1,0.0,0.0
187,avancement,0.698,0.441,0.727,0,0,0,0,1,0,0.0,0.0
187,distinction,0.584,0.571,0.75,0,0,0,0,0,1,0.0,0.0
187,honorable,0.781,0.462,0.919,0,0,0,0,0,0,1,0.0
187,porter,0.312,0.37,0.255,0,0,0,0,1,0,0.0,0.0
187,nom,0.531,0.23,0.477,0,0,0,0,0,0,0.0,0.0
188,effet,0.57,0.518,0.608,0,0,0,0,0,0,0.0,0.0
188,juste,0.812,0.557,0.643,0,0,0,0,0,0,0.789,0.0
188,parler,0.833,0.346,0.594,0,0,0,0,0,0,0.0,0.0
188,coup,0.32,0.79,0.689,1,0,1,0,1,1,0.0,0.0
189,clair,0.857,0.327,0.573,0,0,0,0,0,0,0.6239036858401578,0.383
189,bien,0.938,0.368,0.534,0,0,1,1,0,1,1,0.0
189,fille,0.656,0.536,0.433,0,0,0,1,0,0,0.0,0.0
190,famille,0.968,0.383,0.643,0,0,0,0,0,0,0.0,0.0
190,épicier,0.625,0.25,0.382,0,0,0,0,0,0,0.0,0.0
190,ville,0.551,0.299,0.627,0,0,0,0,0,0,0.0,0.0
190,père,0.812,0.333,0.824,0,0,0,0,0,0,1,0.0
190,bon,0.622,0.416,0.601,0,0,0,0,0,1,0.0,0.0
190,client,0.646,0.615,0.741,0,0,0,0,0,0,0.0,0.0
190,partie,0.663,0.278,0.36,0,0,0,1,0,0,0.0,0.0
190,jury,0.479,0.607,0.789,0,0,0,0,0,0,1,0.0
191,prendre,0.828,0.537,0.348,0,0,1,0,0,1,0.0,0.0
191,sérieux,0.5,0.455,0.619,1,0,1,0,1,0,0.774555829128954,0.0
191,plaisanterie,0.776,0.839,0.407,0,0,0,0,0,1,0.0,0.562
191,homme,0.688,0.427,0.767,0,0,0,0,0,0,0.0,0.0
191,parler,0.833,0.346,0.594,0,0,0,0,0,0,0.0,0.0
192,laisse,0.32,0.347,0.427,1,0,1,0,1,0,0.0,0.0
192,moment,0.604,0.435,0.509,0,0,0,0,0,0,0.0,0.0
192,seul,0.198,0.204,0.367,1,1,1,0,1,0,0.0,0.0
192,fille,0.656,0.536,0.433,0,0,0,1,0,0,0.0,0.0
192,chose,0.449,0.222,0.26,1,1,1,0,0,0,0.0,0.0
192,ridicule,0.159,0.594,0.245,1,1,0,0,1,1,0.0,0.0
192,simplement,0.535,0.148,0.393,0,0,0,0,0,0,0.711,0.0
193,impatient,0.25,0.708,0.429,1,0,0,0,0,0,0.0,1
193,verre,0.49,0.404,0.322,0,0,0,0,0,0,0.0,0.0
193,irréprochable,0.684,0.55,0.784,0,0,0,0,0,0,1,0.0
193,heure,0.552,0.265,0.336,0,0,0,0,0,0,0.0,0.516
194,servir,0.622,0.4,0.384,0,0,0,0,0,0,0.0,0.0
194,aubergiste,0.578,0.224,0.472,0,0,0,0,0,0,0.0,0.0
194,agréable,0.948,0.529,0.669,0,0,0,1,0,0,1,1
194,bien,0.938,0.368,0.534,0,0,1,1,0,1,1,0.0
194,faire,0.684,0.42,0.48,0,0,0,0,0,0,0.0,0.0
194,visite,0.771,0.443,0.445,0,0,0,0,0,0,0.0,0.531
194,veau,0.438,0.337,0.41,0,0,0,0,1,0,0.0,0.0
194,curieux,0.292,0.558,0.433,0,0,0,0,0,0,0.398,0.4772722505661285
195,poulain,0.542,0.578,0.482,0,0,0,0,0,0,0.0,0.0
195,envoyer,0.663,0.48,0.537,0,0,0,0,0,0,0.0,0.0
195,prochain,0.688,0.46,0.55,0,0,0,0,0,0,0.0,0.0
195,concours,0.667,0.698,0.717,1,0,1,0,0,0,0.0,0.523
195,obtenir,0.76,0.438,0.731,0,0,0,1,0,0,0.0,0.641
195,faire,0.684,0.42,0.48,0,0,0,0,0,0,0.0,0.0
195,bon,0.622,0.416,0.601,0,0,0,0,0,1,0.0,0.0
195,bourgeois,0.439,0.593,0.682,0,0,0,0,0,0,0.0,0.0
196,temps,0.604,0.288,0.609,0,0,0,0,0,0,0.0,1
196,compagnie,0.906,0.425,0.798,0,0,0,0,0,0,0.0,0.0
196,singulier,0.61,0.302,0.482,0,0,0,0,0,0,0.0,0.0
197,occasion,0.7,0.451,0.398,0,0,0,0,0,1,0.0,0.0
197,pension,0.612,0.477,0.464,0,0,0,0,0,0,0.0,0.0
197,ville,0.551,0.299,0.627,0,0,0,0,0,0,0.0,0.0
198,rue,0.582,0.481,0.49,0,0,0,0,0,0,0.0,0.0
198,mémoire,0.75,0.242,0.553,0,0,0,0,0,0,0.0,0.0
198,souvenir,0.844,0.311,0.466,0,0,0,0,0,0,0.0,0.508
198,temps,0.604,0.288,0.609,0,0,0,0,0,0,0.0,1
199,bien,0.938,0.368,0.534,0,0,1,1,0,1,1,0.0
199,droit,0.851,0.39,0.708,0,0,0,0,0,0,1,0.0
199,regarder,0.531,0.346,0.423,0,0,0,0,0,0,0.0,1
199,petit,0.344,0.458,0.31,0,0,0,0,1,0,0.0,0.5
199,avouer,0.36,0.712,0.431,0,0,1,0,1,0,0.0,0.0
199,temps,0.604,0.288,0.609,0,0,0,0,0,0,0.0,1
199,complètement,0.73,0.37,0.69,0,0,0,0,0,0,0.0,0.0
199,possible,0.688,0.316,0.548,0,0,0,0,0,1,0.0,0.0
200,malheureux,0.112,0.5,0.155,1,1,0,0,1,0,0.0,0.0
200,temps,0.604,0.288,0.609,0,0,0,0,0,0,0.0,1
200,classe,0.656,0.314,0.522,0,0,0,0,0,0,0.0,0.0
200,inattention,0.208,0.433,0.188,0,0,1,0,1,0,0.0,0.0
201,conscience,0.84,0.483,0.755,0,0,0,0,0,0,1,0.0
201,bien,0.938,0.368,0.534,0,0,1,1,0,1,1,0.0
201,vue,0.698,0.39,0.45,0,0,0,0,0,0,0.0,0.5306551306240826
201,robe,0.625,0.283,0.421,0,0,0,0,0,0,0.0,0.0
201,petit,0.344,0.458,0.31,0,0,0,0,1,0,0.0,0.5
201,chapeau,0.604,0.183,0.353,0,0,0,0,0,0,0.0,0.0
201,velours,0.663,0.226,0.304,0,0,0,0,0,0,0.0,0.0
201,ruban,0.531,0.277,0.254,1,0,0,0,0,0,0.0,0.328
201,rouge,0.49,0.63,0.395,0,0,0,0,0,0,0.0,0.0
201,paire,0.552,0.317,0.304,0,0,0,0,0,0,0.0,0.0
201,mot,0.552,0.255,0.482,0,0,0,0,0,0,0.0,0.4919999999999999
201,tête,0.53,0.472,0.558,0,0,0,0,0,0,0.0,0.0
201,ciel,0.958,0.234,0.401,0,0,0,0,0,0,0.531,0.0
202,jour,0.75,0.324,0.454,0,0,0,0,0,0,0.0,0.0
202,robe,0.625,0.283,0.421,0,0,0,0,0,0,0.0,0.0
202,longue,0.541,0.353,0.543,0,0,0,0,0,0,0.0,0.0
203,robe,0.625,0.283,0.421,0,0,0,0,0,0,0.0,0.0
203,longue,0.541,0.353,0.543,0,0,0,0,0,0,0.0,0.0
203,rose,0.806,0.269,0.471,0,0,0,0,0,0,0.0,0.0
203,pois,0.542,0.283,0.31,0,0,0,0,0,0,0.0,0.0
203,étonnement,0.68,0.718,0.519,0,0,1,1,0,1,0.0,0.0
203,tête,0.53,0.472,0.558,0,0,0,0,0,0,0.0,0.0
203,trottoir,0.479,0.192,0.348,0,0,0,0,0,0,0.0,0.0
205,temps,0.604,0.288,0.609,0,0,0,0,0,0,0.0,1
205,beau,0.701,0.471,0.636,0,0,0,1,0,0,0.0,0.0
205,nom,0.531,0.23,0.477,0,0,0,0,0,0,0.0,0.0
206,nom,0.531,0.23,0.477,0,0,0,0,0,0,0.0,0.0
206,curieux,0.292,0.558,0.433,0,0,0,0,0,0,0.398,0.4772722505661285
207,aimable,0.948,0.335,0.565,0,0,0,1,0,0,1,0.0
207,chariot,0.562,0.558,0.464,0,0,0,0,0,0,0.0,0.0
207,prêt,0.833,0.561,0.783,0,0,0,0,0,0,0.703,1
207,prendre,0.828,0.537,0.348,0,0,1,0,0,1,0.0,0.0
207,prochain,0.688,0.46,0.55,0,0,0,0,0,0,0.0,0.0
207,train,0.666,0.705,0.62,0,0,0,0,0,0,0.0,0.0
207,route,0.583,0.353,0.518,0,0,0,0,0,0,0.0,0.0
208,situation,0.531,0.387,0.6,0,0,0,0,0,0,0.0,0.0
208,capable,0.765,0.587,0.547,0,0,0,0,0,0,0.0,0.0
208,croire,0.87,0.418,0.833,0,0,0,0,0,0,1,0.0
208,famille,0.968,0.383,0.643,0,0,0,0,0,0,0.0,0.0
208,bête,0.255,0.459,0.175,1,1,1,0,0,0,0.0,0.0
208,compagnie,0.906,0.425,0.798,0,0,0,0,0,0,0.0,0.0
208,retour,0.28,0.454,0.356,0,0,0,0,0,0,0.0,0.0
209,chose,0.449,0.222,0.26,1,1,1,0,0,0,0.0,0.0
209,premier,0.708,0.275,0.446,0,0,0,1,0,0,0.0,0.0
209,chance,0.833,0.551,0.525,0,0,0,0,0,1,0.0,0.0
209,obtenir,0.76,0.438,0.731,0,0,0,1,0,0,0.0,0.641
209,impossible,0.153,0.51,0.407,0,0,0,0,1,0,0.0,0.0
209,possibilité,0.816,0.481,0.596,0,0,0,0,0,0,0.0,1
209,domaine,0.708,0.509,0.878,0,0,0,0,0,0,0.0,0.0
209,moment,0.604,0.435,0.509,0,0,0,0,0,0,0.0,0.0
209,opportun,0.865,0.387,0.591,0,0,0,1,0,0,1,0.0
209,objet,0.531,0.356,0.375,0,0,0,0,0,0,0.0,0.5066137193409844
210,savant,0.75,0.466,0.709,0,0,0,0,0,0,0.0,0.0
210,valse,0.769,0.41,0.315,0,0,0,0,0,0,0.0,0.0
210,temps,0.604,0.288,0.609,0,0,0,0,0,0,0.0,1
210,manger,0.731,0.5,0.464,0,0,0,0,0,0,0.0,0.0
211,expression,0.79,0.65,0.721,0,0,0,0,0,0,0.0,0.0
211,père,0.812,0.333,0.824,0,0,0,0,0,0,1,0.0
212,occuper,0.396,0.52,0.589,1,0,0,0,1,0,0.0,0.0
212,mariage,0.747,0.654,0.745,0,0,0,1,0,0,1,1
212,seul,0.198,0.204,0.367,1,1,1,0,1,0,0.0,0.0
213,bien,0.938,0.368,0.534,0,0,1,1,0,1,1,0.0
213,cheval,0.688,0.588,0.566,0,0,0,0,0,0,0.0,0.0
213,tour,0.531,0.398,0.482,1,1,0,0,0,1,0.0,0.0
214,aubergiste,0.578,0.224,0.472,0,0,0,0,0,0,0.0,0.0
214,mou,0.344,0.387,0.321,0,1,0,0,1,0,0.0,0.0
214,mal,0.04,0.827,0.545,1,1,1,0,1,0,0.0,0.0
215,bien,0.938,0.368,0.534,0,0,1,1,0,1,1,0.0
215,servir,0.622,0.4,0.384,0,0,0,0,0,0,0.0,0.0
216,dîner,0.823,0.392,0.379,0,0,0,0,0,0,0.0,0.0
216,honneur,0.896,0.587,0.857,0,0,0,0,0,0,1,0.0
216,grand,0.725,0.591,0.538,0,0,0,0,0,0,0.0,0.0
216,trouver,0.774,0.555,0.58,0,0,0,0,0,0,0.0,0.0
216,assesseur,0.551,0.538,0.764,0,0,0,0,0,0,0.0,0.0
217,médaille,0.854,0.555,0.746,0,0,0,0,0,1,0.461,0.477
217,bien,0.938,0.368,0.534,0,0,1,1,0,1,1,0.0
217,difficile,0.257,0.729,0.598,0,0,0,0,1,0,0.0,0.0
217,content,1.0,0.735,0.772,0,0,0,1,0,0,1,1
217,visiter,0.729,0.44,0.519,0,0,0,0,0,0,0.0,0.0
217,vingt,0.52,0.292,0.286,0,0,0,0,0,0,0.0,0.0
218,maison,0.587,0.135,0.533,0,0,0,1,0,0,0.0,0.0
218,visite,0.771,0.443,0.445,0,0,0,0,0,0,0.0,0.531
218,souper,0.708,0.429,0.552,0,0,0,0,0,0,0.0,0.0
218,vache,0.449,0.23,0.3,0,0,0,0,0,0,0.0,0.0
218,malade,0.104,0.431,0.136,0,1,1,0,1,0,0.0,0.0
219,grand,0.725,0.591,0.538,0,0,0,0,0,0,0.0,0.0
219,épicier,0.625,0.25,0.382,0,0,0,0,0,0,0.0,0.0
219,ville,0.551,0.299,0.627,0,0,0,0,0,0,0.0,0.0
219,sucre,0.896,0.382,0.402,0,0,0,0,0,0,0.0,0.0
220,entendre,0.76,0.429,0.444,0,0,0,0,0,0,0.0,0.0
220,chose,0.449,0.222,0.26,1,1,1,0,0,0,0.0,0.0
220,bétail,0.729,0.42,0.519,0,0,0,0,0,0,0.0,0.0
221,recevoir,0.719,0.562,0.623,0,0,0,0,0,0,0.0,1
221,matin,0.542,0.284,0.345,0,0,0,0,0,0,0.0,0.5369560890018037
221,gras,0.286,0.361,0.325,0,1,0,0,0,0,0.0,0.0
222,moment,0.604,0.435,0.509,0,0,0,0,0,0,0.0,0.0
222,bien,0.938,0.368,0.534,0,0,1,1,0,1,1,0.0
222,aimable,0.948,0.335,0.565,0,0,0,1,0,0,1,0.0
222,imbécile,0.082,0.569,0.26,1,1,0,0,0,0,0.0,0.0
223,épouse,0.632,0.509,0.63,0,0,0,0,0,0,0.0,0.0
223,mot,0.552,0.255,0.482,0,0,0,0,0,0,0.0,0.4919999999999999
223,fortune,0.926,0.731,0.873,0,0,0,1,0,1,0.3829999999999999,1
223,intelligent,0.906,0.607,0.923,0,0,0,0,0,0,1,0.0
223,mal,0.04,0.827,0.545,1,1,1,0,1,0,0.0,0.0
223,intelligence,0.833,0.587,0.885,0,0,1,0,0,0,1,0.0
224,oublier,0.312,0.382,0.209,0,0,1,0,1,0,0.0,0.0
224,veau,0.438,0.337,0.41,0,0,0,0,1,0,0.0,0.0
224,bête,0.255,0.459,0.175,1,1,1,0,0,0,0.0,0.0
224,superbe,0.98,0.708,0.852,0,0,0,1,0,0,0.0,0.0
224,nouveau,0.745,0.741,0.52,0,0,0,0,0,0,0.0,0.0
224,chose,0.449,0.222,0.26,1,1,1,0,0,0,0.0,0.0
224,suite,0.79,0.42,0.4,0,0,0,0,0,0,0.0,1
225,bien,0.938,0.368,0.534,0,0,1,1,0,1,1,0.0
225,parole,0.388,0.62,0.526,0,0,0,0,0,0,0.0,0.4919999999999999
225,suite,0.79,0.42,0.4,0,0,0,0,0,0,0.0,1
226,faire,0.684,0.42,0.48,0,0,0,0,0,0,0.0,0.0
226,impatient,0.25,0.708,0.429,1,0,0,0,0,0,0.0,1
226,languir,0.235,0.408,0.382,0,0,0,0,1,0,0.0,0.0
227,possible,0.688,0.316,0.548,0,0,0,0,0,1,0.0,0.0
227,bête,0.255,0.459,0.175,1,1,1,0,0,0,0.0,0.0
227,magnifique,1.0,0.68,0.886,0,0,0,1,0,1,1,1
228,devenir,0.641,0.583,0.643,0,0,0,0,0,0,0.0,0.0
228,idée,0.448,0.551,0.57,0,0,0,0,0,0,0.0,0.32
228,intérêt,0.78,0.667,0.618,0,0,0,0,0,0,0.0,0.0
228,diable,0.161,0.9,0.611,1,1,1,0,1,0,0.0,0.273
228,pauvre,0.156,0.358,0.087,0,0,1,0,1,0,0.0,0.0
228,mettre,0.52,0.398,0.51,0,0,0,0,0,0,0.641,0.0
229,faire,0.684,0.42,0.48,0,0,0,0,0,0,0.0,0.0
229,bien,0.938,0.368,0.534,0,0,1,1,0,1,1,0.0
229,offre,0.688,0.462,0.585,0,0,0,0,0,0,0.0,0.0
229,conduire,0.323,0.657,0.455,0,0,0,0,0,0,0.57,0.0
229,ville,0.551,0.299,0.627,0,0,0,0,0,0,0.0,0.0
229,oncle,0.653,0.255,0.578,0,0,0,0,0,0,0.0,0.0
229,enlever,0.173,0.72,0.615,1,0,1,0,1,0,0.0,0.0
229,poêle,0.466,0.391,0.405,0,0,0,0,0,0,0.0,0.0
229,mort,0.052,0.454,0.194,0,1,0,0,1,0,0.0,0.398
230,avouer,0.36,0.712,0.431,0,0,1,0,1,0,0.0,0.0
230,agriculture,0.643,0.473,0.445,0,0,0,0,0,0,1,0.0
230,compagnie,0.906,0.425,0.798,0,0,0,0,0,0,0.0,0.0
230,agréable,0.948,0.529,0.669,0,0,0,1,0,0,1,1
230,affaire,0.52,0.459,0.657,0,0,0,0,0,0,0.0,0.0
230,goût,0.802,0.406,0.465,0,1,0,0,1,0,0.5236977857014572,0.4936400906761277
231,vache,0.449,0.23,0.3,0,0,0,0,0,0,0.0,0.0
231,surnom,0.49,0.47,0.263,0,0,0,0,0,0,0.0,0.0
231,laisse,0.32,0.347,0.427,1,0,1,0,1,0,0.0,0.0
231,repos,0.469,0.1,0.33,0,0,0,1,0,0,0.594,0.0
231,amoureux,0.959,0.423,0.509,0,0,0,1,0,0,1,1
232,possible,0.688,0.316,0.548,0,0,0,0,0,1,0.0,0.0
232,aimable,0.948,0.335,0.565,0,0,0,1,0,0,1,0.0
233,bien,0.938,0.368,0.534,0,0,1,1,0,1,1,0.0
233,suite,0.79,0.42,0.4,0,0,0,0,0,0,0.0,1
233,main,0.542,0.314,0.434,0,0,0,0,0,0,0.0,0.0
233,père,0.812,0.333,0.824,0,0,0,0,0,0,1,0.0
233,nom,0.531,0.23,0.477,0,0,0,0,0,0,0.0,0.0
234,ange,0.906,0.158,0.704,0,0,0,1,0,1,1,0.438
234,bien,0.938,0.368,0.534,0,0,1,1,0,1,1,0.0
234,petit,0.344,0.458,0.31,0,0,0,0,1,0,0.0,0.5
234,baiser,0.417,0.462,0.34,1,0,0,1,0,1,0.0,1
235,conserver,0.367,0.451,0.63,0,0,0,0,0,0,0.0,0.0
235,baiser,0.417,0.462,0.34,1,0,0,1,0,1,0.0,1
235,rendre,0.541,0.395,0.448,0,0,0,0,0,0,0.0,0.0
235,méchant,0.138,0.8,0.627,1,1,1,0,1,0,0.0,0.0
236,père,0.812,0.333,0.824,0,0,0,0,0,0,1,0.0
237,as,0.467,0.545,0.441,0,0,0,1,0,0,0.0,0.0
237,aveugle,0.245,0.471,0.231,0,0,1,0,0,0,0.0,0.0
238,gens,0.604,0.4,0.5,0,0,0,0,0,0,0.0,0.0
238,temps,0.604,0.288,0.609,0,0,0,0,0,0,0.0,1
238,faire,0.684,0.42,0.48,0,0,0,0,0,0,0.0,0.0
238,bien,0.938,0.368,0.534,0,0,1,1,0,1,1,0.0
238,imbécile,0.082,0.569,0.26,1,1,0,0,0,0,0.0,0.0
238,intime,0.724,0.598,0.393,0,0,0,1,0,0,1,1
238,parler,0.833,0.346,0.594,0,0,0,0,0,0,0.0,0.0
239,produit,0.646,0.417,0.648,0,0,0,0,0,0,0.0,0.0
239,effet,0.57,0.518,0.608,0,0,0,0,0,0,0.0,0.0
239,difficile,0.257,0.729,0.598,0,0,0,0,1,0,0.0,0.0
239,as,0.467,0.545,0.441,0,0,0,1,0,0,0.0,0.0
240,faire,0.684,0.42,0.48,0,0,0,0,0,0,0.0,0.0
241,imbécile,0.082,0.569,0.26,1,1,0,0,0,0,0.0,0.0
241,pleurer,0.053,0.621,0.164,1,0,0,0,1,0,0.0,0.0
242,laisse,0.32,0.347,0.427,1,0,1,0,1,0,0.0,0.0
242,courir,0.542,0.787,0.543,0,0,0,0,0,0,0.0,0.0
242,nouveau,0.745,0.741,0.52,0,0,0,0,0,0,0.0,0.0
243,voie,0.449,0.49,0.451,0,0,0,0,0,0,0.0,0.0
243,laisse,0.32,0.347,0.427,1,0,1,0,1,0,0.0,0.0
243,faire,0.684,0.42,0.48,0,0,0,0,0,0,0.0,0.0
243,plein,0.602,0.255,0.704,0,0,0,0,0,0,0.6698497334343605,0.0
243,curieux,0.292,0.558,0.433,0,0,0,0,0,0,0.398,0.4772722505661285
244,nom,0.531,0.23,0.477,0,0,0,0,0,0,0.0,0.0
244,imbécile,0.082,0.569,0.26,1,1,0,0,0,0,0.0,0.0
244,demander,0.625,0.51,0.731,1,0,0,0,0,0,0.0,1
245,femme,0.865,0.5,0.578,0,0,0,0,0,0,0.0,0.0
245,homme,0.688,0.427,0.767,0,0,0,0,0,0,0.0,0.0
245,imbécile,0.082,0.569,0.26,1,1,0,0,0,0,0.0,0.0
245,porte,0.51,0.235,0.426,0,0,0,0,0,0,0.0,0.0
246,diable,0.161,0.9,0.611,1,1,1,0,1,0,0.0,0.273
246,nouveau,0.745,0.741,0.52,0,0,0,0,0,0,0.0,0.0
247,beau,0.701,0.471,0.636,0,0,0,1,0,0,0.0,0.0
247,garçon,0.637,0.388,0.336,0,1,0,0,0,0,0.0,0.0
247,tourner,0.551,0.422,0.345,1,0,1,0,0,1,0.0,0.0
247,tête,0.53,0.472,0.558,0,0,0,0,0,0,0.0,0.0
247,recevoir,0.719,0.562,0.623,0,0,0,0,0,0,0.0,1
247,baiser,0.417,0.462,0.34,1,0,0,1,0,1,0.0,1
248,baiser,0.417,0.462,0.34,1,0,0,1,0,1,0.0,1
248,donner,0.521,0.441,0.694,0,0,0,0,0,0,0.4899619895217705,0.414
248,bien,0.938,0.368,0.534,0,0,1,1,0,1,1,0.0
248,drôle,0.918,0.61,0.566,0,0,0,1,0,0,0.0,0.0
248,mode,0.531,0.185,0.367,0,0,0,0,0,0,0.0,0.0
249,règne,0.806,0.567,0.873,0,0,0,0,0,0,0.422,0.0
249,temps,0.604,0.288,0.609,0,0,0,0,0,0,0.0,1
249,mode,0.531,0.185,0.367,0,0,0,0,0,0,0.0,0.0
249,extraordinaire,0.969,0.728,0.86,0,0,1,0,0,1,0.0,0.0
249,ami,0.906,0.413,0.573,0,0,0,0,0,0,1,0.0
249,bien,0.938,0.368,0.534,0,0,1,1,0,1,1,0.0
250,jardin,0.77,0.23,0.456,0,0,0,1,0,0,0.0,0.0
251,échelon,0.51,0.355,0.368,0,0,0,0,0,0,0.0,0.0
251,échelle,0.31,0.35,0.577,0,0,0,0,0,0,0.0,0.0
251,bonheur,0.96,0.732,0.85,0,0,0,1,0,0,0.0,1
251,endroit,0.573,0.261,0.398,0,0,0,0,0,0,0.0,0.0
251,jour,0.75,0.324,0.454,0,0,0,0,0,0,0.0,0.0
252,jour,0.75,0.324,0.454,0,0,0,0,0,0,0.0,0.0
252,donner,0.521,0.441,0.694,0,0,0,0,0,0,0.4899619895217705,0.414
252,brosse,0.49,0.265,0.186,0,0,0,0,0,0,0.0,0.0
252,clou,0.469,0.397,0.282,0,0,0,0,0,0,0.0,0.0
252,déchirure,0.146,0.676,0.365,1,0,1,0,1,0,0.0,0.0
252,vêtement,0.531,0.333,0.38,0,0,0,0,0,0,0.0,0.0
253,déchirure,0.146,0.676,0.365,1,0,1,0,1,0,0.0,0.0
253,forme,0.592,0.24,0.422,0,0,0,0,0,0,0.0,0.0
253,rectangle,0.479,0.225,0.438,0,0,0,0,0,0,0.0,0.0
253,faire,0.684,0.42,0.48,0,0,0,0,0,0,0.0,0.0
253,ville,0.551,0.299,0.627,0,0,0,0,0,0,0.0,0.0
254,vêtement,0.531,0.333,0.38,0,0,0,0,0,0,0.0,0.0
254,tailleur,0.573,0.206,0.45,0,0,0,0,0,0,0.0,0.0
254,faute,0.224,0.46,0.355,1,1,0,0,1,0,0.0,0.0
254,suite,0.79,0.42,0.4,0,0,0,0,0,0,0.0,1
254,possible,0.688,0.316,0.548,0,0,0,0,0,1,0.0,0.0
254,soupe,0.602,0.245,0.269,0,0,0,0,0,0,0.0,0.0
254,midi,0.658,0.25,0.403,0,0,0,0,0,0,0.0,0.0
254,table,0.551,0.17,0.284,0,0,0,0,0,0,0.0,0.0
255,gens,0.604,0.4,0.5,0,0,0,0,0,0,0.0,0.0
255,diable,0.161,0.9,0.611,1,1,1,0,1,0,0.0,0.273
255,pardon,0.552,0.413,0.542,0,0,0,0,0,0,0.0,0.0
255,parler,0.833,0.346,0.594,0,0,0,0,0,0,0.0,0.0
256,comprendre,0.76,0.374,0.643,0,0,0,0,0,0,0.6879999999999998,0.0
256,assesseur,0.551,0.538,0.764,0,0,0,0,0,0,0.0,0.0
256,naturellement,0.854,0.276,0.549,0,0,0,0,0,0,0.0,0.0
256,oncle,0.653,0.255,0.578,0,0,0,0,0,0,0.0,0.0
256,visite,0.771,0.443,0.445,0,0,0,0,0,0,0.0,0.531
257,naturellement,0.854,0.276,0.549,0,0,0,0,0,0,0.0,0.0
257,extraordinaire,0.969,0.728,0.86,0,0,1,0,0,1,0.0,0.0
257,fâcheux,0.122,0.555,0.291,1,1,0,0,0,0,0.0,0.0
258,incrédule,0.286,0.51,0.269,1,1,0,0,0,1,0.0,0.0
258,curieux,0.292,0.558,0.433,0,0,0,0,0,0,0.398,0.4772722505661285
258,pourquoi,0.561,0.357,0.402,0,0,0,0,0,0,0.0,0.0
258,croire,0.87,0.418,0.833,0,0,0,0,0,0,1,0.0
258,simplement,0.535,0.148,0.393,0,0,0,0,0,0,0.711,0.0
258,journée,0.719,0.269,0.389,0,0,0,0,0,0,0.0,0.0
259,diable,0.161,0.9,0.611,1,1,1,0,1,0,0.0,0.273
259,bien,0.938,0.368,0.534,0,0,1,1,0,1,1,0.0
260,bien,0.938,0.368,0.534,0,0,1,1,0,1,1,0.0
260,nom,0.531,0.23,0.477,0,0,0,0,0,0,0.0,0.0
261,tonnerre,0.296,0.916,0.526,1,0,1,0,0,1,0.0,0.539
261,fusil,0.329,0.9,0.718,1,0,1,0,0,0,0.0,0.0
261,jardin,0.77,0.23,0.456,0,0,0,1,0,0,0.0,0.0
262,père,0.812,0.333,0.824,0,0,0,0,0,0,1,0.0
262,tromper,0.167,0.765,0.412,1,1,0,0,1,0,0.1799999999999999,0.0
262,travail,0.74,0.585,0.576,0,0,0,0,0,1,0.414,0.383
263,jour,0.75,0.324,0.454,0,0,0,0,0,0,0.0,0.0
263,table,0.551,0.17,0.284,0,0,0,0,0,0,0.0,0.0
263,conduire,0.323,0.657,0.455,0,0,0,0,0,0,0.57,0.0
263,municipal,0.625,0.39,0.758,0,0,0,0,0,0,0.0,0.0
263,village,0.684,0.367,0.336,0,0,0,0,0,0,0.0,0.0
263,volontiers,0.833,0.316,0.588,0,0,0,0,0,0,0.6176770829555306,0.383
263,cadeau,0.88,0.539,0.483,0,0,0,1,0,1,0.0,1
263,laisse,0.32,0.347,0.427,1,0,1,0,1,0,0.0,0.0
263,montrer,0.622,0.54,0.491,0,0,1,0,0,0,0.0,0.0
263,charlatan,0.53,0.451,0.625,1,1,0,0,0,0,0.0,0.0
264,opposition,0.135,0.729,0.592,1,0,0,0,0,0,0.297,0.0
264,crever,0.337,0.346,0.298,0,0,1,0,1,1,0.0,0.0
264,rage,0.219,0.927,0.598,1,0,1,0,0,0,0.0,0.0
264,espion,0.26,0.686,0.53,0,0,1,0,0,1,0.0,0.0
264,arrêter,0.255,0.596,0.519,0,0,1,0,0,1,0.0,0.0
264,incendie,0.344,0.721,0.594,1,0,1,0,0,1,0.0,0.0
265,affaire,0.52,0.459,0.657,0,0,0,0,0,0,0.0,0.0
266,raison,0.781,0.455,0.712,0,0,0,0,0,0,0.0,0.0
266,coquin,0.334,0.713,0.636,1,1,1,0,0,1,0.0,0.0
266,industrie,0.65,0.447,0.836,0,0,0,0,0,0,0.0,0.0
267,tailleur,0.573,0.206,0.45,0,0,0,0,0,0,0.0,0.0
267,père,0.812,0.333,0.824,0,0,0,0,0,0,1,0.0
268,coup,0.32,0.79,0.689,1,0,1,0,1,1,0.0,0.0
268,main,0.542,0.314,0.434,0,0,0,0,0,0,0.0,0.0
268,aide,0.724,0.342,0.434,0,0,0,0,0,0,0.586,0.0
268,bien,0.938,0.368,0.534,0,0,1,1,0,1,1,0.0
268,histoire,0.729,0.382,0.754,1,0,0,0,1,0,0.0,0.0
268,extraordinaire,0.969,0.728,0.86,0,0,1,0,0,1,0.0,0.0
269,père,0.812,0.333,0.824,0,0,0,0,0,0,1,0.0
269,ville,0.551,0.299,0.627,0,0,0,0,0,0,0.0,0.0
270,nom,0.531,0.23,0.477,0,0,0,0,0,0,0.0,0.0
271,ciel,0.958,0.234,0.401,0,0,0,0,0,0,0.531,0.0
271,histoire,0.729,0.382,0.754,1,0,0,0,1,0,0.0,0.0
271,aura,0.76,0.333,0.5,0,0,0,1,0,0,0.0,0.0
271,chance,0.833,0.551,0.525,0,0,0,0,0,1,0.0,0.0
271,cher,0.34,0.567,0.43,0,0,0,0,1,0,0.5,0.0
272,chance,0.833,0.551,0.525,0,0,0,0,0,1,0.0,0.0
272,pourquoi,0.561,0.357,0.402,0,0,0,0,0,0,0.0,0.0
272,faire,0.684,0.42,0.48,0,0,0,0,0,0,0.0,0.0
273,bas,0.458,0.365,0.382,1,0,1,0,1,0,0.625,0.0
273,ouvrage,0.753,0.43,0.41,0,0,0,0,0,0,0.0,0.0
273,célèbre,0.366,0.582,0.609,0,0,0,1,0,0,0.0,1
274,bien,0.938,0.368,0.534,0,0,1,1,0,1,1,0.0
274,chose,0.449,0.222,0.26,1,1,1,0,0,0,0.0,0.0
274,plaisanterie,0.776,0.839,0.407,0,0,0,0,0,1,0.0,0.562
275,simple,0.327,0.491,0.339,0,0,0,0,0,0,1,0.0
275,idiot,0.384,0.349,0.161,1,1,0,1,0,0,0.0,0.0
275,garçon,0.637,0.388,0.336,0,1,0,0,0,0,0.0,0.0
275,éducation,0.677,0.49,0.6,0,0,0,0,0,0,0.0,0.531
275,seul,0.198,0.204,0.367,1,1,1,0,1,0,0.0,0.0
275,coupable,0.143,0.788,0.417,1,1,1,0,1,0,0.0,0.0
275,présence,0.874,0.431,0.607,0,0,0,0,0,0,0.0,1
275,demander,0.625,0.51,0.731,1,0,0,0,0,0,0.0,1
275,homme,0.688,0.427,0.767,0,0,0,0,0,0,0.0,0.0
276,diable,0.161,0.9,0.611,1,1,1,0,1,0,0.0,0.273
277,histoire,0.729,0.382,0.754,1,0,0,0,1,0,0.0,0.0
277,cou,0.541,0.245,0.345,0,0,0,0,0,0,0.0,0.0
277,chance,0.833,0.551,0.525,0,0,0,0,0,1,0.0,0.0
277,mettre,0.52,0.398,0.51,0,0,0,0,0,0,0.641,0.0
277,colère,0.039,0.908,0.548,1,1,1,0,0,0,0.0,0.0
277,gens,0.604,0.4,0.5,0,0,0,0,0,0,0.0,0.0
277,éducation,0.677,0.49,0.6,0,0,0,0,0,0,0.0,0.531
277,affaire,0.52,0.459,0.657,0,0,0,0,0,0,0.0,0.0
277,heureux,0.939,0.548,0.795,0,0,0,1,0,0,0.609,0.555
277,impoli,0.167,0.59,0.282,0,1,0,0,0,0,0.0,0.0
278,coquin,0.334,0.713,0.636,1,1,1,0,0,1,0.0,0.0
278,industrie,0.65,0.447,0.836,0,0,0,0,0,0,0.0,0.0
278,oie,0.479,0.283,0.265,0,0,0,0,0,0,0.0,0.0
278,chose,0.449,0.222,0.26,1,1,1,0,0,0,0.0,0.0
278,porte,0.51,0.235,0.426,0,0,0,0,0,0,0.0,0.0
278,professeur,0.656,0.398,0.721,0,0,0,0,0,0,1,0.0
279,nouveau,0.745,0.741,0.52,0,0,0,0,0,0,0.0,0.0
279,aider,0.833,0.435,0.629,0,0,0,0,0,0,1,0.0
279,mettre,0.52,0.398,0.51,0,0,0,0,0,0,0.641,0.0
280,histoire,0.729,0.382,0.754,1,0,0,0,1,0,0.0,0.0
280,offrir,0.571,0.58,0.575,0,0,0,1,0,0,0.0,0.0
281,prier,0.406,0.482,0.5,0,0,1,0,0,1,1,1
281,coupable,0.143,0.788,0.417,1,1,1,0,1,0,0.0,0.0
281,suite,0.79,0.42,0.4,0,0,0,0,0,0,0.0,1
282,combinaison,0.562,0.365,0.361,0,0,0,0,0,0,0.0,0.0
282,as,0.467,0.545,0.441,0,0,0,1,0,0,0.0,0.0
282,ville,0.551,0.299,0.627,0,0,0,0,0,0,0.0,0.0
282,demander,0.625,0.51,0.731,1,0,0,0,0,0,0.0,1
282,main,0.542,0.314,0.434,0,0,0,0,0,0,0.0,0.0
282,père,0.812,0.333,0.824,0,0,0,0,0,0,1,0.0
283,moment,0.604,0.435,0.509,0,0,0,0,0,0,0.0,0.0
283,ami,0.906,0.413,0.573,0,0,0,0,0,0,1,0.0
283,neveu,0.719,0.337,0.412,0,0,0,0,0,0,0.0,0.0
284,dictionnaire,0.62,0.25,0.598,0,0,0,0,0,0,1,0.0
284,chance,0.833,0.551,0.525,0,0,0,0,0,1,0.0,0.0
284,joli,0.875,0.516,0.561,0,0,0,0,0,0,0.4360021827612647,0.414
284,amoureux,0.959,0.423,0.509,0,0,0,1,0,0,1,1
284,accord,0.729,0.394,0.539,0,0,0,0,0,0,1,0.0
285,imbécile,0.082,0.569,0.26,1,1,0,0,0,0,0.0,0.0
285,tablier,0.582,0.208,0.245,0,0,0,0,0,0,0.0,0.0
285,neuf,0.552,0.255,0.327,0,0,0,0,0,0,0.0,0.0
285,prendre,0.828,0.537,0.348,0,0,1,0,0,1,0.0,0.0
285,idiot,0.384,0.349,0.161,1,1,0,1,0,0,0.0,0.0
285,entrer,0.708,0.47,0.5,0,0,0,0,0,0,0.0,0.633
285,couvent,0.653,0.236,0.473,0,0,0,0,0,0,1,0.0
285,acheter,0.771,0.769,0.612,0,0,0,0,0,0,0.297,0.555
285,pendre,0.323,0.529,0.446,0,0,0,0,0,0,0.0,0.0
285,note,0.625,0.235,0.407,0,0,0,0,0,0,0.0,0.0
285,expression,0.79,0.65,0.721,0,0,0,0,0,0,0.0,0.0
286,as,0.467,0.545,0.441,0,0,0,1,0,0,0.0,0.0
286,faire,0.684,0.42,0.48,0,0,0,0,0,0,0.0,0.0
286,seul,0.198,0.204,0.367,1,1,1,0,1,0,0.0,0.0
287,droit,0.851,0.39,0.708,0,0,0,0,0,0,1,0.0
287,bien,0.938,0.368,0.534,0,0,1,1,0,1,1,0.0
288,mauvais,0.073,0.41,0.2,1,1,1,0,1,0,0.0,0.0
289,difficile,0.257,0.729,0.598,0,0,0,0,1,0,0.0,0.0
289,vélo,0.708,0.519,0.425,0,0,0,0,0,0,0.0,0.0
289,ville,0.551,0.299,0.627,0,0,0,0,0,0,0.0,0.0
289,tablier,0.582,0.208,0.245,0,0,0,0,0,0,0.0,0.0
289,vache,0.449,0.23,0.3,0,0,0,0,0,0,0.0,0.0
289,expression,0.79,0.65,0.721,0,0,0,0,0,0,0.0,0.0
289,culotte,0.451,0.557,0.303,0,0,0,0,0,0,0.0,0.0
289,bien,0.938,0.368,0.534,0,0,1,1,0,1,1,0.0
290,avouer,0.36,0.712,0.431,0,0,1,0,1,0,0.0,0.0
290,jeunesse,0.938,0.608,0.736,1,0,1,0,0,1,0.0,0.492
290,faible,0.194,0.294,0.087,1,1,0,0,1,0,0.0,0.0
290,fille,0.656,0.536,0.433,0,0,0,1,0,0,0.0,0.0
290,heureux,0.939,0.548,0.795,0,0,0,1,0,0,0.609,0.555
290,nouveau,0.745,0.741,0.52,0,0,0,0,0,0,0.0,0.0
291,chose,0.449,0.222,0.26,1,1,1,0,0,0,0.0,0.0
291,ordre,0.602,0.35,0.72,0,0,0,0,0,0,0.0,0.0
291,classe,0.656,0.314,0.522,0,0,0,0,0,0,0.0,0.0
291,décoration,0.878,0.553,0.526,0,0,0,0,0,0,0.461,0.477
291,air,0.708,0.163,0.427,0,1,0,0,0,0,0.0,0.0
292,rage,0.219,0.927,0.598,1,0,1,0,0,0,0.0,0.0
293,ange,0.906,0.158,0.704,0,0,0,1,0,1,1,0.438
293,marier,0.896,0.765,0.673,0,0,0,1,0,0,1,1
293,aller,0.51,0.441,0.444,0,0,0,0,0,0,0.0,0.0
293,note,0.625,0.235,0.407,0,0,0,0,0,0,0.0,0.0
293,expression,0.79,0.65,0.721,0,0,0,0,0,0,0.0,0.0
