Id_block,valence,arousal,dominance,anger,disgust,fear,joy,sadness,surprise,trust,anticipation
0,0.5994369119319554,0.4092800875364796,0.5721821398226412,0.12436670815386366,0.0782635500362325,0.08840800146591346,0.17102568405362092,0.06891871313981536,0.020300000000000002,0.1995964172283035,0.24366634045384075
1,0.501256445717754,0.4086134410868339,0.47038696028418386,0.05075,0.0,0.168,0.20149999999999998,0.1405,0.0,0.0,0.23625000000000002
2,0.5852441096832873,0.544315660914135,0.535123002945291,0.08335760196968446,0.0553014831994643,0.1667011553426374,0.3299968964615026,0.18734357919442615,0.054693970477405714,0.12750000000000003,0.11716666666666666
3,0.6443684769268792,0.38463138024651805,0.5502119173407543,0.0,0.0,0.0,0.2795,0.0,0.0,0.3085,0.0
4,0.578708951845571,0.408435494808788,0.6274639965966486,0.076,0.188,0.141,0.0,0.0,0.0,0.0,0.0
5,0.6051770109665184,0.4356809845740786,0.5487856077170197,0.11097046095135668,0.0,0.0897084464196958,0.3035,0.06955643444981814,0.0,0.15825,0.13275
6,0.5377790731360647,0.4895107995732226,0.4782768539763263,0.09849999999999999,0.10506390179781494,0.16133333333333333,0.20724894962909282,0.11290077327376456,0.14183333333333334,0.19266666666666668,0.3521537307450882
7,0.6587610783670992,0.3370812970690128,0.5648516272739867,0.0,0.0,0.0,0.0,0.0,0.0,0.0,0.5306634045384077
8,0.6556272050857254,0.4252419825691174,0.6434530722792013,0.0,0.0,0.0,0.18633333333333335,0.0,0.0,0.38000000000000006,0.0
9,0.6425503592238043,0.4154148760982569,0.6024567589033784,0.0076,0.0188,0.0235,0.1479,0.0,0.04450028700217683,0.23019619895217708,0.21790000000000004
10,0.7582366974273012,0.39269363510642924,0.724758773529284,0.0,0.0,0.0,0.2735,0.0,0.0,0.293,0.0
11,0.4943528544220953,0.3883591483470008,0.3388204258264995,0.0,0.422,0.0,0.0,0.0,0.0,0.0,0.0
12,0.8019712176325153,0.4347775358603211,0.6455233123212684,0.0,0.0,0.0,0.5963584376249478,0.0,0.0,0.0,0.0
13,0.5754594721608,0.45030902628029984,0.5354971327154565,0.0076,0.0188,0.014099999999999998,0.3632722496516517,0.0,0.0,0.157,0.0
14,0.6251231650398456,0.43103845647216904,0.6030818645341852,0.05616666666666667,0.0,0.07816666666666666,0.06866666666666667,0.07816666666666668,0.0,0.336,0.14966666666666664
15,0.6737852383182605,0.4587652074165776,0.697491109531224,0.0,0.0,0.047,0.10900000000000001,0.0,0.0,0.4718,0.1968
16,0.5938204173708921,0.47915799172289275,0.6285995909510128,0.078125,0.0,0.068375,0.21273339077797404,0.07025,0.0,0.231162365744653,0.11709176269923152
17,0.7289983277978773,0.453316804682258,0.5549619459797869,0.0,0.0,0.0,0.469,0.0,0.0,0.4360044662715527,0.414
18,0.42764823121939827,0.5701140127731767,0.5458056105198642,0.14933333333333332,0.07033333333333333,0.28288888888888886,0.19474631947221063,0.08022222222222221,0.0,0.0,0.13366666666666666
19,0.6338680511434092,0.5224260108099982,0.5562550051425819,0.09514285714285715,0.031285714285714285,0.02014285714285714,0.14514285714285716,0.0,0.07914285714285715,0.26328635232450753,0.24191834906649287
20,0.6160850789496869,0.44432793193413034,0.5426375326628599,0.039,0.0,0.1095,0.2679292188124739,0.1405,0.0,0.0,0.13423902225045092
21,0.5311555130794368,0.379209400082775,0.6433193632821606,0.0,0.0,0.0,0.0,0.0,0.0,0.4899619895217705,0.414
22,0.6265724366036418,0.47781462192758273,0.5544427144641515,0.012666666666666666,0.03133333333333333,0.023499999999999997,0.3828333333333333,0.0,0.043000000000000003,0.1315,0.10683333333333334
23,0.6615587507138577,0.44390375843800844,0.6855617955540831,0.010857142857142857,0.026857142857142857,0.02014285714285714,0.1942857142857143,0.0,0.0,0.355,0.0
24,0.7584368255585247,0.521527758957555,0.672283259200274,0.0,0.0,0.0,0.4617771685666668,0.0,0.0,0.35033333333333333,0.10933333333333334
25,0.45638731816066447,0.468083989789839,0.515436174848116,0.0426,0.0,0.0468,0.07880000000000001,0.08339879697507843,0.0,0.0979923979043541,0.2062
26,0.6905911733500867,0.37641138251082323,0.7099907718276082,0.038,0.094,0.0705,0.0,0.0,0.0,0.293,0.0
27,0.578708951845571,0.408435494808788,0.6274639965966486,0.076,0.188,0.141,0.0,0.0,0.0,0.0,0.0
28,0.5595,0.619,0.5820000000000001,0.0,0.0,0.0,0.0,0.242,0.0,0.3165,0.0
29,0.665484243282075,0.412784666028908,0.605038987264868,0.0,0.0,0.05222222222222222,0.2369995448916194,0.066,0.08166666666666665,0.4177474983950472,0.1939557211142754
30,0.690856365611364,0.5318566335999997,0.6578499959265637,0.0,0.0,0.0,0.0,0.0,0.0,0.3635,0.0
31,0.6191460727195895,0.3424212044328234,0.6106226333023014,0.18700000000000003,0.0,0.06766666666666667,0.18633333333333335,0.052,0.0,0.22790119764248848,0.0
32,0.5418294344350947,0.6280073706070605,0.6893470370201099,0.15633333333333332,0.0,0.0,0.09566666666666666,0.0,0.08600000000000001,0.211,0.21366666666666667
33,0.41682196570412217,0.5547327859424885,0.48915135902518586,0.07816666666666666,0.1148127449888582,0.18071632229608767,0.12133333333333331,0.0,0.0,0.2028269982536284,0.1575
34,0.5255163593725236,0.45552223134391384,0.5772045559629787,0.052,0.0,0.146,0.0,0.18733333333333335,0.0,0.435,0.0
35,0.6892030925365094,0.42960975222282866,0.70910572073669,0.0,0.0,0.0,0.2305,0.0,0.0,0.69725,0.0
36,0.5212294386780051,0.40681346048994577,0.5189329382122079,0.019,0.1985010741319963,0.03525,0.07175,0.078,0.0645,0.164,0.16025
37,0.5914529892754989,0.3863476756927932,0.5306385981120271,0.010857142857142857,0.026857142857142857,0.05814285714285715,0.14750570932661627,0.07571428571428572,0.029,0.2851380651133319,0.2722857142857143
38,0.3960170273954022,0.7949763129960788,0.5953436133521808,0.3647258981629207,0.0,0.4362410309866382,0.24266666666666661,0.22233333333333336,0.0,0.0,0.0
39,0.5257255832947695,0.3872654424989936,0.46540070344298395,0.0,0.0,0.1875,0.082,0.22625,0.0,0.19725,0.13266378265602066
40,0.6905896165038806,0.4311129904983964,0.5852984423000798,0.012666666666666666,0.03133333333333333,0.023499999999999997,0.31982895263101746,0.0,0.03383333333333333,0.17699999999999996,0.17966666666666667
41,0.7577717542675035,0.5271405777642229,0.6056459153735438,0.0152,0.0376,0.028199999999999996,0.39054337504997905,0.0,0.0,0.1266,0.0
42,0.6764246567351815,0.47103338870645384,0.5714975202363333,0.02717212918301446,0.05109897000460674,0.06462084947327114,0.21439636172925453,0.05484316957499904,0.15022612972459765,0.24342197816364752,0.09104999999999999
43,0.7060085645982096,0.4920316345288254,0.6362102476505445,0.009666666666666665,0.05388888888888889,0.005222222222222222,0.1896984999581902,0.006888888888888889,0.05733333333333333,0.37688888888888894,0.07033333333333333
44,0.6410901318459649,0.5379976909014829,0.5475061462147063,0.07290709727671486,0.09099386367255309,0.12440283157757044,0.17311699514954174,0.25114389858333014,0.052,0.30047877995598715,0.19533333333333336
45,0.6506219297280523,0.43920964299445675,0.5263528322172968,0.0,0.06060042965279853,0.0,0.24644558171355824,0.07089999999999999,0.08049999999999999,0.24769999999999998,0.17656616527638758
46,0.46623560972966754,0.5496007341762648,0.4018116474659359,0.0,0.21099999999999994,0.0,0.0,0.1895,0.0,0.0,0.0
47,0.5826979232787991,0.47479259301344734,0.4999531774544242,0.031,0.043,0.12414296712296206,0.1850909885709739,0.104027796355026,0.040999999999999995,0.2888150561976896,0.15805355543318128
48,0.6033493754860878,0.4944362002750622,0.580162642186581,0.10111118025643943,0.09910591672705417,0.09001333577652244,0.12133333333333331,0.08886452189969225,0.0,0.31516666666666665,0.1055
49,0.5703261000423571,0.590751619965642,0.4640128088361913,0.1445,0.17575,0.0,0.29924999999999996,0.0,0.0,0.10900111656788818,0.2624168969930919
50,0.6756263253095889,0.5021092835904959,0.6812073220549415,0.03975,0.0,0.013625,0.179823000184211,0.0605,0.03225,0.406037365744653,0.20496676269923153
51,0.5817181054550928,0.43881281362343133,0.5160852328480177,0.057444444444444444,0.07033333333333333,0.015666666666666666,0.12155555555555554,0.066,0.11722222222222221,0.12933333333333333,0.13455555555555554
52,0.5467395523229243,0.5049039810101579,0.5390231889717971,0.09467835817712117,0.13569738086859306,0.0986018877183803,0.14151985819446491,0.19209593238888678,0.0,0.30374166852721574,0.07029722408277128
53,0.6917645764019547,0.45316142099611934,0.6365956070395082,0.1609386871170504,0.10797818933742237,0.13688970479866186,0.30274999999999996,0.16962864886842885,0.16209753698095009,0.373,0.28237536496562954
54,0.48239224788930196,0.6060267489107979,0.576821751815087,0.0,0.0,0.375,0.0,0.258,0.375,0.293,0.0
55,0.6317505503316939,0.4572206524948581,0.5503456454554846,0.0152,0.0376,0.1032,0.25189592089664814,0.0,0.0,0.15530044662715528,0.1664
56,0.7201496506204298,0.5535674629590387,0.621403193371408,0.012666666666666666,0.03133333333333333,0.023499999999999997,0.39749745210658355,0.0,0.17450000000000002,0.19261121132528172,0.3118619465835563
57,0.7278011194570975,0.5189753844675178,0.5542934817899601,0.019,0.047,0.03525,0.35638077471663915,0.0,0.0,0.12961708395730026,0.0
58,0.6232684086848628,0.37200252808226875,0.6225359198415195,0.019,0.047,0.03525,0.082,0.0,0.0,0.49025,0.0
59,0.5967617716542868,0.5769499748253376,0.5634804158702266,0.17085931774016946,0.19477025898813902,0.22982531741382078,0.3006449855876922,0.1673076094506107,0.18299999999999997,0.08829719640658404,0.26342857142857146
60,0.6608010890136778,0.5113280156748232,0.6027922622933827,0.025333333333333333,0.06266666666666666,0.04699999999999999,0.24266666666666661,0.0,0.0,0.18999999999999997,0.0
61,0.41201078240517974,0.5673896876817273,0.47441880935071246,0.3072763058985226,0.32856910695433444,0.18660424736635567,0.07725,0.30721584787499523,0.0,0.17174999999999999,0.0
62,0.6681886396587169,0.5432295566555165,0.6571453118845116,0.0152,0.0376,0.028199999999999996,0.1955515456048455,0.0,0.1844,0.3438,0.21879999999999997
63,0.6620202936417958,0.4955426080022607,0.5220880472560909,0.0,0.0,0.0,0.36399999999999993,0.0,0.0,0.2615,0.0
64,0.7418137164434201,0.44683943710312024,0.6649146516569383,0.0,0.0,0.0,0.1822,0.0,0.0219,0.43232171814522624,0.12110000000000001
65,0.6755641973143864,0.5040783179729585,0.6494778863692096,0.0,0.0,0.129,0.16884737539580996,0.0,0.0,0.4275,0.29300000000000004
66,0.6649127113435597,0.4764844435974919,0.5565621177259016,0.012666666666666666,0.03133333333333333,0.023499999999999997,0.20199999999999996,0.06316666666666666,0.0,0.25383333333333336,0.0
67,0.6242261657034752,0.42312093216696084,0.5494931629410417,0.012666666666666666,0.03133333333333333,0.06783333333333334,0.24216666666666667,0.08833333333333333,0.0,0.17450000000000002,0.082
68,0.6302006701977574,0.5134539861362546,0.5693033909249507,0.12080532295753614,0.12687039775441483,0.11092712368317784,0.20625,0.0804829239374976,0.09675,0.098625,0.0
69,0.699246893639962,0.4283045499469829,0.6169895088052595,0.0,0.0,0.0,0.29122624125006147,0.0,0.14833333333333334,0.48689167224831387,0.21089167224831384
70,0.5549941597066184,0.5177367501872465,0.5043750136440805,0.052,0.0,0.146,0.425,0.18733333333333335,0.0,0.0,0.0
71,0.6799455326426453,0.42625709345124063,0.5629088469790415,0.0647142857142857,0.04014285714285715,0.0,0.3384285714285714,0.0,0.031285714285714285,0.274668168942577,0.054714285714285715
72,0.7603310935928282,0.41062010944934046,0.7129976421496286,0.0,0.0,0.0218,0.3459734252447585,0.0,0.0516,0.39485978519144477,0.21394682031877044
73,0.578708951845571,0.408435494808788,0.6274639965966486,0.076,0.188,0.141,0.0,0.0,0.0,0.0,0.0
74,0.716290384943572,0.3538888685053516,0.7103099541702894,0.0,0.0,0.0,0.10933333333333334,0.0,0.0,0.6353333333333334,0.0
75,0.5705939641346132,0.5176737332371696,0.5844045503587351,0.012666666666666666,0.03133333333333333,0.12,0.05466666666666667,0.06316666666666666,0.0,0.224,0.16666666666666666
76,0.6701678803057515,0.4329105598039596,0.6811498098882026,0.012666666666666666,0.03133333333333333,0.073,0.26395281254164926,0.018,0.056,0.2861603315869618,0.13416666666666666
77,0.42915203330397467,0.3596944575704984,0.3758600923651529,0.0,0.0,0.078,0.17200000000000001,0.0,0.0,0.21866666666666668,0.20566666666666666
78,0.4973500487995208,0.6904563490398241,0.4294747145263823,0.0,0.0,0.112,0.36399999999999993,0.0,0.0,0.0,0.293
79,0.795,0.333,0.585,0.0,0.0,0.0,0.469,0.0,0.0,0.0,0.0
80,0.5475042867527145,0.43348083250454283,0.5092303310196872,0.055600000000000004,0.0,0.1812,0.26399999999999996,0.20999999999999996,0.0,0.1296,0.1266
81,0.5314925660300888,0.5678565136902634,0.6136300251946802,0.224,0.0,0.078,0.2343333333333333,0.0,0.20005362363842086,0.0,0.20566666666666666
82,0.5398199524714657,0.5551193360304688,0.5668815513829497,0.1283606459150723,0.18349079550882963,0.2883542473663557,0.18818197714194781,0.16321584787499518,0.17840455479535758,0.1465,0.13875
83,0.5350503496769711,0.377304981464435,0.5210002045109396,0.10616666666666667,0.03133333333333333,0.1745,0.09316666666666668,0.10149999999999999,0.0,0.0,0.20833333333333334
84,0.775538407392731,0.46131873751670893,0.5859210753998488,0.01,0.073,0.0,0.16433333333333333,0.0,0.0,0.357,0.0
85,0.62827847619688,0.5332656598600226,0.572781410277142,0.0,0.09456458988640648,0.0,0.31267799092549003,0.0014999999999999833,0.03,0.3177346086260238,0.17850000000000002
86,0.58366135185613,0.38703206886788516,0.4755149659775332,0.3085753732801425,0.1,0.19058161126901346,0.20800000000000002,0.0968,0.0438,0.12353543651960783,0.0766
87,0.935,0.427,0.551,0.0,0.0,0.0,0.493,0.0,0.0,0.0,0.0
88,0.219,0.472,0.418,0.156,0.0,0.438,0.0,0.562,0.0,0.0,0.0
89,0.7669029839485239,0.4231451649362627,0.5998213321988829,0.025333333333333333,0.06266666666666666,0.04699999999999999,0.38033333333333336,0.0,0.0,0.0,0.0
90,0.7703884785100632,0.37057470535473747,0.6543602422343736,0.0,0.0,0.0,0.11725,0.0,0.0,0.5540091658440706,0.1035
91,0.6407274489000577,0.4012742550072155,0.6986605145517388,0.025333333333333333,0.06266666666666666,0.04699999999999999,0.0,0.0,0.0,0.39833333333333326,0.0
92,0.7014198229398511,0.4705984506733557,0.623910369193875,0.0152,0.0376,0.028199999999999996,0.22059999999999996,0.0,0.0,0.3532,0.1312
93,0.38328087775110387,0.63374045294628,0.3871771707743316,0.2422345029746201,0.3085235877435694,0.36943264459217534,0.0,0.1093988312153958,0.0,0.0,0.17700000000000002
94,0.7314600496153295,0.459035565972125,0.43677960994816534,0.0,0.0,0.0,0.44000000000000006,0.0,0.082,0.0,0.25
95,0.6546586271154724,0.3866038853777078,0.5715271680635511,0.0,0.0,0.0,0.11725,0.0,0.0,0.3854996632245131,0.36524999999999996
96,0.6371753251772796,0.3900143135590407,0.5018033528609543,0.0,0.0,0.117,0.297,0.0,0.0,0.0,0.3085
97,0.7978610498392265,0.48416742620131464,0.6706717743385205,0.0,0.0,0.0218,0.4575734252447585,0.0,0.0,0.3728597851914448,0.08574682031877043
98,0.7666466785526973,0.5506489417279812,0.6817020377360535,0.03321708048389806,0.0,0.010444444444444444,0.3327332412692349,0.0,0.0,0.38700383117944637,0.1840493200559837
99,0.6198730506827388,0.5324780843775565,0.45395694858641267,0.0,0.0,0.0,0.36399999999999993,0.0,0.0,0.0,0.3165
100,0.299811846143222,0.48095582373538487,0.3027489692021332,0.2301838411900857,0.19799999999999998,0.2830836334561101,0.17200000000000001,0.12266666666666666,0.0,0.0,0.20566666666666666
101,0.4823524604529784,0.5560733549893782,0.4935542497786243,0.2361164212777002,0.2990761788776517,0.19497943693314923,0.0,0.13039766321104815,0.0,0.1405,0.15425
102,0.7063275575254613,0.5523105783348907,0.6145550901255248,0.08825,0.15425,0.0,0.2078942313051975,0.0,0.0,0.28500000000000003,0.0
103,0.1457761410361437,0.6375919798698528,0.2895110474301861,0.6905515235702571,0.594,0.6152509003683303,0.0,0.368,0.0,0.0,0.0
104,0.6045697062453474,0.4679351905202688,0.4338696251550625,0.0,0.0,0.0,0.4165,0.09889652740842075,0.0,0.21800223313577635,0.207
105,0.6256771746820597,0.5268018365581955,0.4874631893173073,0.0,0.0,0.14591916112912512,0.33274337504997914,0.2816567309116239,0.0,0.0,0.0
106,0.5432362870455969,0.41659070650108077,0.5486264264186161,0.038,0.094,0.0705,0.0,0.0,0.0,0.0,0.3165
107,0.6589322008444838,0.4451409779024696,0.7144930093489114,0.025333333333333333,0.06266666666666666,0.07833333333333332,0.18166666666666667,0.0,0.0,0.39833333333333326,0.16133333333333333
108,0.6175444000238497,0.48384853355437923,0.5672527716519622,0.0,0.15150107413199632,0.0,0.436457554611548,0.078,0.0,0.2555011165678882,0.26749999999999996
109,0.6955,0.371,0.385,0.0,0.0,0.0,0.0,0.0,0.086,0.2615,0.1405
110,0.5738019184120151,0.44954708784284236,0.5913219817948769,0.097,0.11099999999999999,0.028199999999999996,0.10940000000000001,0.0,0.0,0.261,0.0
111,0.7391327789526494,0.3934200015229917,0.6916414156201766,0.0,0.0,0.0,0.164,0.0,0.0,0.66,0.0
112,0.6289239255176757,0.4528370097027846,0.5193471651591902,0.1609386871170504,0.10797818933742237,0.13688970479866186,0.14375,0.16962864886842885,0.2030975369809501,0.28125,0.3776143872160804
113,0.5234006318994463,0.5476151604063443,0.5588036587715862,0.197,0.14953923858576787,0.22056484289368083,0.1611111111111111,0.19486126880123425,0.0,0.18144444444444444,0.043444444444444445
114,0.5557932941096443,0.4588728934704982,0.4589537571622258,0.025333333333333333,0.06266666666666666,0.04699999999999999,0.111,0.0,0.25766666666666665,0.0,0.16666666666666666
115,0.4220404958760486,0.46858253055150384,0.38161358101537823,0.11471520393936895,0.1106029663989286,0.18740231068527483,0.33866666666666667,0.18735382505551892,0.10938794095481143,0.06766666666666667,0.2343333333333333
116,0.48938084615228084,0.5336495216184469,0.5339941540408031,0.09824043061004821,0.15366053033921975,0.17140283157757044,0.0,0.26864389858333015,0.0,0.12116666666666666,0.0
117,0.810804566910943,0.5811352826723724,0.5870682335378401,0.015,0.0,0.020666666666666667,0.6185759695225971,0.0029999999999999667,0.11733333333333333,0.19533333333333333,0.34900000000000003
118,0.5323809225544804,0.568767695334207,0.5735629276850255,0.0,0.14184688482960972,0.11725,0.1694292188124739,0.11325,0.0,0.15923621041288327,0.0
119,0.6790858577831568,0.5400546923229607,0.5582873550252834,0.0,0.12120085930559706,0.0,0.4555660436892384,0.0624,0.0624,0.29160178650862106,0.43899999999999995
120,0.4288517027221735,0.7560134873935141,0.8062841531041995,0.0,0.398,0.453,0.0,0.0,0.0,0.0,0.0
121,0.7392555853226657,0.49462774001167015,0.5971682886262965,0.0,0.0,0.0,0.41737752734134453,0.0,0.0645,0.2889168169879226,0.3780429198753345
122,0.4227472266593528,0.38879797238671354,0.38562287230752773,0.19685705434605968,0.13922977660245556,0.2724978159513895,0.11270799305726278,0.26024145892240086,0.040600000000000004,0.0968,0.1799447984264168
123,0.7593319191341992,0.42772805151095294,0.6411081609170928,0.03321708048389806,0.0,0.033,0.3253851441829896,0.0,0.0,0.45859028865849083,0.2501002193588655
124,0.30338265373311357,0.47217653682975846,0.36281708408645796,0.28557280590905343,0.1659044495983929,0.28110346602791225,0.0,0.2810307375832784,0.16408191143221715,0.1015,0.3515
125,0.6951797879209715,0.5095850021793695,0.6973705767866593,0.0,0.0,0.02725,0.1184667815559481,0.0,0.0,0.470074731489306,0.26543352539846304
126,0.0898769761564491,0.6621358342702067,0.2465395243109512,0.0,0.0,0.484,0.0,0.453,0.0,0.0,0.0
127,0.3655778159226575,0.4565716750943487,0.32139618169496287,0.0,0.0,0.0,0.0,0.37499999999999994,0.0,0.129,0.3165
128,0.5871731080817701,0.44850615371603897,0.5658467675237323,0.0,0.0,0.13275,0.2735,0.0,0.0,0.13623435643195053,0.0
129,0.7398900165190174,0.4835797953089506,0.6989173732949224,0.0,0.0,0.0,0.42730346769611816,0.0,0.174,0.43339074732605876,0.25975000000000004
130,0.5684613975629595,0.654145514846026,0.5711317178364546,0.117,0.129,0.125,0.2425,0.0,0.0,0.2775,0.2655
131,0.4380240008543766,0.6707830773814901,0.42473682444570665,0.15099999999999997,0.09366666666666668,0.0,0.18166666666666667,0.19199999999999998,0.0,0.11966666666666666,0.0
132,0.5624916882763942,0.4237153094736362,0.607665563581928,0.1595,0.047,0.21875,0.082,0.0,0.0,0.36125,0.0
133,0.6555666425591735,0.46455905709180734,0.6978593363841358,0.1405,0.0,0.1835,0.164,0.0,0.0,0.537,0.0
134,0.49325502306595725,0.44932364175585593,0.3944071545810011,0.0,0.19267838467607185,0.121,0.18199999999999997,0.09375,0.0,0.0,0.0
135,0.5373386691773583,0.5794927061248947,0.48816153488393677,0.14581419455342973,0.18198772734510618,0.24880566315514088,0.1438410329555189,0.375954463833327,0.0,0.0,0.0
136,0.3785164953120994,0.5722619523620425,0.46526643970891246,0.19988851673205785,0.10919263640706371,0.44088073072201495,0.1032,0.2569726782999962,0.0344,0.0,0.0954
137,0.5059761952059098,0.511181067316513,0.5643336383068469,0.13593032295753615,0.17374539775441483,0.36467712368317784,0.12571460940623697,0.24173292393749762,0.07225,0.170875,0.04975
138,0.5879490443351562,0.489789959246176,0.5772950578977459,0.03128596471073698,0.030164445381525982,0.051109721095984044,0.17013034095452648,0.05109649774241425,0.029833074805857663,0.24290909090909088,0.16336363636363635
139,0.3117686021391627,0.6304212456152234,0.3588621539632577,0.0,0.28369376965921944,0.0,0.0,0.0,0.0,0.0,0.3165
140,0.5526035159160253,0.4599336363318715,0.4732054799019036,0.0,0.2688468848296097,0.125,0.125,0.0,0.0,0.1465,0.0
141,0.4836531703320999,0.47768830912951527,0.49026555288619056,0.08046061460180891,0.03133333333333333,0.1847779285595944,0.20411947920831594,0.16824191259975751,0.0,0.0,0.1055
142,0.35273410196914623,0.41631889849190234,0.4627516918605182,0.2033818438054267,0.0,0.24183378567878325,0.0,0.27822573779927257,0.0,0.254,0.0
143,0.5824297264223514,0.3873280162180185,0.5478087027031842,0.08402912236362137,0.12896177983935714,0.14064138641116491,0.14320000000000002,0.11241229503331136,0.12503276457288687,0.24839999999999995,0.2546
144,0.5381602188523761,0.4263034142776629,0.5460803722356452,0.025333333333333333,0.06266666666666666,0.20333333333333334,0.0,0.151,0.0,0.0,0.211
145,0.49197778071502984,0.4162963242740615,0.4955038543496447,0.19928640295452668,0.15320222479919646,0.14055173301395613,0.0,0.1405153687916392,0.08204095571610857,0.32948436517813684,0.17575
146,0.45816303405682385,0.5302800396269984,0.413342942332872,0.13558789587028447,0.14066666666666663,0.1612225237858555,0.1438410329555189,0.18548382519951503,0.0,0.0,0.0
147,0.645369582847639,0.443538045372184,0.5927314001083982,0.025333333333333333,0.06266666666666666,0.04699999999999999,0.2259056250832985,0.0,0.0,0.0,0.211
148,0.6866545671007949,0.42036952178380615,0.5850414897436453,0.019,0.047,0.09375,0.1694292188124739,0.0,0.0,0.15400862015375436,0.15425
149,0.4581644996447086,0.49070244212664843,0.46865727089115405,0.11451001058450985,0.18565241942641503,0.16466555386312764,0.1694292188124739,0.3071954810353606,0.0,0.0,0.0
150,0.5652528557458942,0.4293337103141622,0.5897527601741225,0.0,0.0,0.050833333333333335,0.21280503640769868,0.16466666666666666,0.0,0.28141290992779516,0.15883333333333335
151,0.612387962607388,0.4988801565036896,0.6131588897491839,0.0,0.0,0.0,0.2491660436892384,0.0,0.0,0.4702,0.1312
152,0.6915537978820008,0.666437871245791,0.49615097129199204,0.0,0.0,0.0,0.2725,0.09475,0.0,0.1795,0.1405
153,0.6745724168418374,0.44898184924861484,0.544262344598507,0.012666666666666666,0.03133333333333333,0.06783333333333334,0.335,0.10633333333333334,0.056,0.17183333333333337,0.06516666666666666
154,0.5522327440437544,0.5871486643216421,0.48371874518899194,0.12340534841076807,0.0922,0.2458135722742035,0.21194679287443668,0.0,0.0968,0.33599999999999997,0.1062
155,0.47899444886770787,0.5964725489926174,0.5229995598599988,0.13677389602113205,0.09377777777777778,0.18314992867756835,0.19649213720943767,0.27642448112455215,0.12475439087534365,0.12677777777777777,0.1501111111111111
156,0.6282796142565786,0.5727118422526211,0.5973631419712653,0.0312,0.0328,0.1908,0.305359831934075,0.11240000000000001,0.3,0.16607669093898916,0.34700000000000003
157,0.7347939581714763,0.5718286895447557,0.6571145958175068,0.18747686217754125,0.094,0.0705,0.3972995857115571,0.0,0.0,0.293,0.26972194025192664
158,0.45871573721701664,0.5084416600248522,0.5621073875303606,0.20274999999999999,0.13674999999999998,0.1525,0.0,0.11325,0.0,0.1445,0.0
159,0.14427216959360034,0.8061449346560149,0.5375165871118986,0.6895,0.1795,0.3770977606970215,0.0,0.3335,0.0,0.0,0.0
160,0.8239124741392112,0.5745992485432527,0.7271041919753396,0.0,0.0,0.0,0.5456787237501844,0.0,0.0,0.6716750167449417,0.6326750167449415
163,0.298,0.519,0.307,0.0,0.0,0.0,0.0,0.219,0.172,0.0,0.578
164,0.4399612365737694,0.5374114914833615,0.5693167412852054,0.0,0.0,0.469,0.0,0.453,0.0,0.0,0.0
165,0.7851388599984311,0.5631845364737503,0.6551398082504959,0.0,0.0,0.0,0.32233333333333336,0.0,0.0,0.586,0.0
167,0.4888073044202645,0.44314489125370726,0.44497023302687366,0.0,0.0,0.0,0.02033333333333333,0.0,0.04699999999999999,0.0,0.46599999999999997
168,0.5024926721438897,0.5631195507866916,0.5447093345383786,0.0,0.0,0.21284874466282747,0.0,0.14066666666666663,0.0,0.0,0.375
169,0.7221838776695391,0.4185827335329296,0.621235575439926,0.025333333333333333,0.06266666666666666,0.04699999999999999,0.25766666666666665,0.0,0.0,0.4583333333333333,0.0
170,0.4399612365737694,0.5374114914833615,0.5693167412852054,0.0,0.0,0.469,0.0,0.453,0.0,0.0,0.0
171,0.45734836299302,0.6628936067256809,0.6165791497634258,0.37514752788676303,0.18198772734510618,0.4017726233724113,0.0,0.5322877971666603,0.0,0.14066666666666666,0.0
172,0.578708951845571,0.408435494808788,0.6274639965966486,0.076,0.188,0.141,0.0,0.0,0.0,0.0,0.0
173,0.48176114404126236,0.343561873552901,0.42704538650676904,0.038,0.348,0.3205,0.0,0.0,0.0,0.0,0.0
175,0.927,0.888,0.555,0.0,0.0,0.0,0.643,0.0,0.0,0.0,0.0
176,0.5714153886254082,0.7011384653225683,0.7876769277082178,0.151,0.0,0.125,0.0,0.0,0.0,0.0,0.0
178,0.5348173046139476,0.4984850434191227,0.3835090792220775,0.0,0.0,0.0,0.0,0.379,0.0,0.0,0.0
179,0.5742452109611141,0.6200078743504709,0.48864243842196275,0.2045,0.1835,0.0,0.3550866601632654,0.0,0.1144105310800626,0.2412590442375721,0.211
180,0.5952005031510957,0.477472206546024,0.5246577296329729,0.10503640295452671,0.12995222479919644,0.17580173301395613,0.2875,0.1405153687916392,0.08204095571610857,0.21875,0.17575
182,0.5459243549575352,0.4817530378395382,0.5427872414331177,0.1765,0.08600000000000001,0.21154522597670367,0.2899528125416493,0.21257703589835483,0.08716666666666667,0.1431666666666667,0.0
183,0.6249886964324984,0.5013855012480903,0.6112309193819304,0.12642877342014952,0.1362381051469424,0.16189337207188717,0.29147785437063206,0.08788164577571571,0.08066666666666666,0.21571648765953735,0.11695568359897535
184,0.47568558598318694,0.48249966998252025,0.458255743134706,0.08449841064150342,0.08296680789297915,0.07889913474432066,0.10399999999999998,0.22859263029772262,0.0,0.269,0.0
185,0.7418142637276485,0.4941734252356479,0.701732306173125,0.019,0.047,0.16425,0.3110710651391324,0.0,0.211,0.42560216779814175,0.2325
186,0.6635690932144828,0.39825076649701535,0.6001419808588119,0.025333333333333333,0.06266666666666666,0.04699999999999999,0.15633333333333332,0.0,0.0,0.38766815542385097,0.13799999999999998
187,0.4260374708050954,0.37656534590873625,0.415621199842927,0.038,0.094,0.20350000000000001,0.0,0.265,0.0,0.0,0.0
188,0.5378810530613674,0.496126286635191,0.549228450843718,0.0,0.0,0.172,0.164,0.0,0.254,0.3945,0.0
189,0.5969886251190747,0.45014726493855145,0.5212073852215796,0.012666666666666666,0.03133333333333333,0.10416666666666667,0.09116666666666667,0.12566666666666668,0.0,0.2175,0.0
190,0.7288620683665616,0.4515298829011332,0.682390179827557,0.0095,0.0235,0.017625,0.26483960940623696,0.0,0.0,0.234375,0.0
191,0.42271780230723666,0.6603688214641122,0.5040794511575003,0.4317808505038377,0.3597682385035356,0.3279419346925548,0.27719230840693,0.1738635509480642,0.0,0.0,0.0
192,0.4917668808966109,0.48908903706518675,0.4288769780239775,0.18210109058833196,0.17981652577336665,0.20760099029368922,0.07814285714285715,0.21426883120981893,0.046880546123490616,0.21428571428571427,0.10042857142857142
193,0.4400371199763542,0.5668254705900313,0.5577890884638491,0.34361064591507223,0.20674079550882965,0.18660424736635567,0.1694292188124739,0.1609658478749952,0.0,0.0,0.0
194,0.7016170242463118,0.533513419729597,0.5760417397322557,0.0,0.0,0.0,0.41070278444279035,0.0,0.1525,0.135988028792943,0.47875
195,0.6681850036290351,0.4879777194509285,0.5891327444745058,0.0,0.0,0.0,0.3649685229618602,0.0,0.19416666666666668,0.090658685861962,0.30211056742306797
196,0.656774724674588,0.4551305691196383,0.6114090742653984,0.035333333333333335,0.13566666666666669,0.04699999999999999,0.0,0.0,0.0,0.357,0.0
197,0.5710271476752472,0.5812290756514344,0.5323881211127529,0.16739257000132302,0.15366666666666667,0.13533333333333333,0.4006223754079308,0.14429743895308608,0.0,0.298766308652408,0.1429113671979507
199,0.7192854968238661,0.5145839723465667,0.6465477162073432,0.025333333333333333,0.06266666666666666,0.04699999999999999,0.45952564174026334,0.0,0.0,0.0,0.0
200,0.44341600036648315,0.4593026551222639,0.4530719849807092,0.2024590970802966,0.04702481383537963,0.06024817995949125,0.06866666666666667,0.09168755495596237,0.0,0.2175,0.0
201,0.6720482903178131,0.4473013010593508,0.6293520617587425,0.0,0.0,0.033888888888888885,0.34029734269070855,0.04377777777777778,0.035555555555555556,0.2460654369972796,0.2162871419390405
202,0.6638850942943346,0.41299070155060447,0.6412225827785696,0.0,0.0,0.2345,0.164,0.2265,0.0,0.3945,0.0
203,0.5985781278718827,0.5014396856308403,0.6228632829488393,0.12537500000000001,0.055625,0.112375,0.13287500000000002,0.056625,0.0,0.24299524869022132,0.05175
204,0.7289983277978773,0.453316804682258,0.5549619459797869,0.0,0.0,0.0,0.469,0.0,0.0,0.4360044662715527,0.414
205,0.7289983277978773,0.453316804682258,0.5549619459797869,0.0,0.0,0.0,0.469,0.0,0.0,0.4360044662715527,0.414
206,0.5830777565397184,0.48960470004138745,0.5631596816410802,0.0,0.0,0.0,0.0,0.0,0.0,0.24498099476088525,0.5235
207,0.6122943200173422,0.5710247300170277,0.6665266652738456,0.2589334163077273,0.11892710007246501,0.19979617906218922,0.25629534788122765,0.2022374262796307,0.036,0.34219999999999995,0.20352499149476802
208,0.7663083884082913,0.4322019409691608,0.609883032757013,0.0,0.0,0.0,0.3929292188124739,0.0,0.0,0.0,0.15825
209,0.5699428708216381,0.5313473807520834,0.5774539293933451,0.04860473151780991,0.09710702022614652,0.08293522105171364,0.10723269583569622,0.13920704349999788,0.06777777777777777,0.12292764421222986,0.4619960327158404
210,0.6935158309163313,0.382758030997685,0.6906348376008943,0.025333333333333333,0.06266666666666666,0.04699999999999999,0.0,0.0,0.0,0.38800000000000007,0.0
211,0.6882899237029118,0.4925185035439127,0.6727603531086379,0.019,0.047,0.03525,0.21793943200605687,0.0,0.16025,0.291,0.17775
212,0.7495180887199945,0.5206905115946352,0.6621902578329738,0.025333333333333333,0.06266666666666666,0.04699999999999999,0.4153563201442952,0.0,0.0,0.22388629326568477,0.21088629326568478
213,0.5923747469346897,0.5259497597776216,0.5150761889174513,0.0,0.06825,0.11066527744462112,0.31074999999999997,0.10596814807706433,0.0,0.1445,0.13675
214,0.5016289452598398,0.37134606495150563,0.40790908442703216,0.0,0.09250000000000001,0.03133333333333333,0.12133333333333331,0.09899999999999999,0.0,0.09633333333333333,0.181287332022014
215,0.5350759831804431,0.2673473482303063,0.41270722872504734,0.0,0.0,0.15633333333333332,0.18233333333333335,0.349,0.073,0.20589239419934638,0.12766666666666668
216,0.7550235731842907,0.5661105934964554,0.6744937568711715,0.0,0.0,0.0,0.37907883028849765,0.0,0.0,0.3535,0.0
217,0.6734941779470844,0.44882417512601325,0.5994470016189902,0.019,0.047,0.09375,0.16884737539580996,0.0,0.0,0.29675,0.29300000000000004
218,0.46935810645264003,0.483155803519723,0.522854597805296,0.10880549391959993,0.1817673533052094,0.10748231921601131,0.09316666666666668,0.10759733998736713,0.0,0.20433333333333334,0.1055
219,0.578708951845571,0.408435494808788,0.6274639965966486,0.076,0.188,0.141,0.0,0.0,0.0,0.0,0.0
220,0.44490775575320585,0.41942888454726895,0.4941203541757061,0.26449999999999996,0.23450000000000001,0.0705,0.0,0.0,0.0,0.0,0.0
221,0.5541664851621182,0.4141714584091527,0.5326174048016511,0.10616666666666667,0.13233404942133087,0.057333333333333326,0.13899999999999998,0.078,0.043000000000000003,0.0,0.19632601483363396
222,0.5646255642738429,0.47874313833163634,0.5574236172598879,0.13811030471405142,0.11879999999999999,0.12305018007366605,0.123,0.0736,0.0516,0.2734,0.2548
223,0.6381239433602172,0.6452722370112097,0.6542092355011239,0.0,0.0,0.006333333333333333,0.3773689784640788,0.09599999999999999,0.0795,0.2683333333333333,0.30066666666666664
224,0.631146446423109,0.434286908638235,0.5313520384474993,0.0,0.199,0.0,0.211,0.0,0.0,0.336,0.0
225,0.548046003530409,0.4396081344983787,0.5481329265261156,0.012666666666666666,0.03133333333333333,0.0625,0.0,0.0,0.0,0.19266666666666668,0.29033333333333333
226,0.5358011428058662,0.5466567283472752,0.5938806649959903,0.12494425836602892,0.054596318203531856,0.12154169894654228,0.1745436451774412,0.1580863391499981,0.0641,0.25366124774574894,0.13436750167449416
227,0.6435815245870236,0.5187022736361389,0.4813273853282431,0.0,0.0995,0.0,0.48827356563031643,0.0,0.088,0.135988028792943,0.16025
228,0.5154030194766847,0.47518424920624264,0.5285598724561327,0.14499773421291948,0.14114286308816543,0.17116869938660945,0.09480000000000001,0.14572898746542942,0.0484,0.1109,0.089
229,0.5298223582616463,0.42235770718591237,0.5138159873799143,0.11302426863635114,0.08663481653279763,0.15620115534263743,0.0,0.09367691252775946,0.054693970477405714,0.2234936649202951,0.289
230,0.6799408037178319,0.44349196720866657,0.5486835263670828,0.012666666666666666,0.16283333333333336,0.023499999999999997,0.21616666666666665,0.09121268467373213,0.0,0.18848957678542458,0.0
231,0.600980125695113,0.466122579087844,0.5157783830370792,0.06882912236362136,0.06636177983935716,0.1592413864111649,0.097,0.11241229503331136,0.06563276457288686,0.29700000000000004,0.4763310261248165
232,0.7794379307546896,0.4526392917428824,0.6198730898051321,0.0,0.0,0.0,0.3964453969230547,0.0,0.0,0.32933434684464863,0.3069653620250841
233,0.7271201992221424,0.41176880355120443,0.6993160832266151,0.0,0.0,0.0,0.2161666666666667,0.0,0.0,0.5439936649202951,0.06899999999999999
234,0.7847441516526421,0.3415110559105908,0.6720205555301648,0.0,0.0,0.0,0.4405,0.0,0.28900000000000003,0.3125,0.5395
235,0.5237371735678208,0.4799324205392792,0.47977562990248057,0.0647142857142857,0.04014285714285715,0.08471428571428571,0.26851200021052685,0.12057142857142858,0.0,0.17232298792557063,0.12039058594197886
236,0.6296486563152653,0.3925228944050067,0.6299234666319334,0.025333333333333333,0.06266666666666666,0.04699999999999999,0.0,0.0,0.0,0.19533333333333333,0.211
237,0.6985,0.387,0.6375,0.0,0.0,0.0,0.2735,0.0,0.0,0.3635,0.0
238,0.5681077161918282,0.492562234797969,0.4804431399452176,0.129,0.1122526795417791,0.0,0.18199999999999997,0.0,0.0,0.28900000000000003,0.0
239,0.6086736999563593,0.5498311647323879,0.6071019544861656,0.14379999999999998,0.0,0.0938,0.28619999999999995,0.0906,0.12003217418305252,0.1454,0.0
241,0.28038181112281135,0.5228729590966867,0.31689442812029184,0.0,0.0,0.0,0.0,0.328,0.0,0.0,0.3165
242,0.4559005770756576,0.5090254136716109,0.4027339378409233,0.23143908105143843,0.19892942574127334,0.18575014587767816,0.1848733290194087,0.2613683145417692,0.054693970477405714,0.03383333333333333,0.11716666666666666
243,0.6179288445257981,0.5045866673606079,0.523871117464754,0.12502426863635116,0.0553014831994643,0.09370115534263741,0.2573333333333333,0.09367691252775946,0.054693970477405714,0.14583333333333334,0.26166666666666666
244,0.47667153803207685,0.5314084984271712,0.588863440098387,0.3033335407693183,0.2973177501811625,0.27004000732956734,0.211,0.2665935656990768,0.0,0.336,0.0
245,0.4741451187172192,0.4790385967391345,0.4469603946355633,0.17263788089256427,0.1485,0.15381272509208258,0.33699999999999997,0.092,0.0,0.0,0.0
246,0.6168057244779512,0.5512980527266352,0.6015433108449758,0.078,0.08600000000000001,0.08333333333333333,0.36423895841663184,0.0,0.0,0.2576666666666667,0.0
247,0.5988511060219462,0.5803840538251144,0.5918184500017086,0.17248949439183875,0.15926151094325916,0.18565026536064896,0.26975,0.13514508206889103,0.199,0.2314916139483308,0.45299999999999996
248,0.5422671072038748,0.6103913566487846,0.5478743431262175,0.0,0.0,0.25438164055106866,0.20333333333333334,0.0,0.104,0.1633206631739235,0.5519999999999999
249,0.6797013022182271,0.5146162282529266,0.575267593152476,0.0,0.0,0.053200000000000004,0.2293433750499791,0.0,0.10643469149822571,0.21220689612300347,0.23440000000000003
250,0.6532970995152482,0.3870860866101448,0.6824818467506217,0.050666666666666665,0.12533333333333332,0.09399999999999999,0.0,0.0,0.0,0.19533333333333333,0.0
251,0.6457011049416109,0.5102557921650976,0.5457607000872627,0.09549999999999999,0.03133333333333333,0.13449999999999998,0.1968333333333333,0.0755,0.08600000000000001,0.08333333333333333,0.08333333333333333
252,0.6489306319396748,0.5213100959642073,0.5720140447507842,0.0,0.14184688482960972,0.0,0.3083852711094522,0.0,0.084,0.332,0.0
253,0.5080816377371254,0.5310266631038743,0.6108643998127059,0.22752421350696572,0.20980954362721815,0.3967867441437743,0.10933333333333334,0.3267632915514314,0.16133333333333333,0.263,0.09100000000000001
254,0.5159434071517044,0.48977832909117286,0.5443325723852501,0.14952426863635113,0.13096814986613095,0.17970115534263742,0.0,0.15884357919442613,0.054693970477405714,0.3698333333333333,0.19427082624564
255,0.4936340098648993,0.4221275315076709,0.5075527949074778,0.14032632959455915,0.1688410072955061,0.17076684357376595,0.14666666666666667,0.1890967213792607,0.108,0.0,0.12883333333333333
256,0.6564875460410511,0.4836970216957339,0.6137128667303174,0.06442857142857143,0.08714285714285715,0.04242857142857143,0.11006898903208946,0.0,0.05242857142857143,0.306,0.13963866042029174
257,0.578708951845571,0.408435494808788,0.6274639965966486,0.076,0.188,0.141,0.0,0.0,0.0,0.0,0.0
258,0.5794371250251565,0.43274481573723717,0.5375076210384121,0.10495609545933209,0.14421764506604257,0.1688,0.09477342524475849,0.0,0.0,0.28545978519144477,0.21234682031877045
259,0.655345715482713,0.5243228726852638,0.5327945187644452,0.038,0.094,0.0705,0.36399999999999993,0.0,0.0,0.0,0.0
260,0.578708951845571,0.408435494808788,0.6274639965966486,0.076,0.188,0.141,0.0,0.0,0.0,0.0,0.0
261,0.4343688036233548,0.612386729469584,0.527529865978296,0.17116824206982315,0.11728571428571428,0.30678965348175646,0.10399999999999998,0.0,0.0,0.08142857142857142,0.08814285714285715
262,0.6269840192355716,0.4679528141622001,0.621709667178603,0.030333333333333334,0.0,0.0,0.0,0.0,0.0,0.3853333333333333,0.0
263,0.6101267897658412,0.46292590296486447,0.6069585345202805,0.012666666666666666,0.10816666666666667,0.023499999999999997,0.24749999999999997,0.0,0.0365,0.349780621998058,0.2018333333333333
264,0.43467559165145125,0.5969481540535315,0.5696542707534386,0.28902000417114865,0.15307693278850443,0.11915222664824936,0.2003111877039654,0.08073024959501168,0.0,0.22088315432620398,0.07145568359897535
265,0.3763490112741682,0.5781001972615464,0.5083378967175278,0.26963539807704384,0.16401482336718085,0.26830748498613355,0.182,0.29932460111160114,0.12421294388131801,0.08720089325431055,0.20939999999999998
266,0.6578942652438771,0.41004498517541244,0.5355964665071264,0.0152,0.0376,0.028199999999999996,0.3368,0.0,0.0,0.1156,0.0
267,0.6190425511624048,0.43983107599293214,0.567953733632169,0.0,0.0,0.0,0.0,0.09679999999999997,0.0,0.40800000000000003,0.1266
268,0.5879120956818656,0.44286356883369365,0.4928754754728721,0.02783333333333333,0.09116666666666666,0.023499999999999997,0.0,0.03133333333333333,0.125,0.108,0.1055
269,0.616607360042659,0.4687162828038828,0.624551649271056,0.19519999999999998,0.0376,0.028199999999999996,0.11270799305726278,0.0,0.040600000000000004,0.3296,0.089
270,0.38470287289642635,0.6457234424799925,0.46871914730633535,0.2187212918301446,0.2729815910176593,0.37320849473271134,0.0,0.5639316957499905,0.0,0.0,0.0
271,0.7375041301909027,0.518669395121938,0.6823738699396976,0.019,0.047,0.03525,0.20887752734134454,0.0,0.0,0.3399168169879226,0.3095429198753345
272,0.7056054830766446,0.4284317062663312,0.6872475689023326,0.019,0.047,0.0625,0.1184667815559481,0.0,0.0,0.360824731489306,0.269183525398463
273,0.6701485966188446,0.2761480525313476,0.5537241657527012,0.0,0.0,0.0,0.559,0.0,0.0,0.0,0.0
274,0.8802124855108158,0.6390098327125255,0.6041665739708277,0.0,0.0,0.0,0.7708751227736603,0.0,0.1144105310800626,0.2412590442375721,0.211
275,0.4873048376068874,0.4570198018766958,0.4760398356800367,0.14294394044628211,0.109375,0.07690636254604129,0.0645,0.046,0.0,0.17521708870861474,0.20800000000000002
277,0.7146903900059394,0.5067945751425872,0.6928273085160698,0.21498843108877064,0.0,0.05075,0.19864979285577855,0.039,0.0,0.1465,0.42961097012596333
278,0.6825802940065828,0.33566003639822245,0.5872333297083495,0.025333333333333333,0.06266666666666666,0.04699999999999999,0.15666666666666665,0.0,0.0,0.19266666666666665,0.0
279,0.6857266218443709,0.4131311808951367,0.6763369903395231,0.019,0.047,0.03525,0.0,0.0,0.0,0.45099999999999996,0.0
280,0.5669686013283155,0.4231780680225487,0.6157303366529276,0.038,0.094,0.129,0.0,0.0,0.0,0.15923621041288327,0.15425
281,0.48642081033706763,0.49291826994166194,0.48559199440842843,0.010857142857142857,0.026857142857142857,0.02014285714285714,0.0,0.19242857142857142,0.0,0.18010524423841684,0.09042857142857143
282,0.6521505242526374,0.4706423273429265,0.608199102313549,0.012666666666666666,0.03133333333333333,0.023499999999999997,0.12133333333333331,0.0,0.0,0.20049999999999998,0.20049999999999998
283,0.5403621870527111,0.3456254450804689,0.45503174624669696,0.019,0.047,0.03525,0.0,0.24325,0.0,0.15400862015375436,0.0
284,0.7243867654663305,0.5508766187267327,0.7221997198586427,0.0,0.0,0.0,0.0,0.0,0.0,0.3635,0.324
285,0.4446432134073997,0.4293112031582859,0.4259654954983974,0.11509192059504285,0.20833333333333334,0.1832084833947217,0.1771666666666667,0.06133333333333333,0.0365,0.31527953043300655,0.06383333333333334
287,0.6985045853088871,0.40712729126607794,0.5784156145959758,0.0,0.0,0.0,0.2304,0.0,0.0,0.45,0.0
288,0.4710337359641544,0.5183834478460687,0.5115105284698631,0.23112221862263096,0.29299728616108817,0.2983442876993988,0.13675,0.288377161462666,0.0,0.14450000000000002,0.0
289,0.7022775864718463,0.49373781857930893,0.7474409817240408,0.025333333333333333,0.06266666666666666,0.04699999999999999,0.3436666666666666,0.0,0.20005362363842086,0.263,0.0
290,0.7584766777090084,0.48574059754718146,0.6117723884280877,0.008444444444444444,0.020888888888888887,0.015666666666666666,0.4272222222222222,0.0,0.018222222222222223,0.08077777777777778,0.05555555555555555
291,0.63445532992154,0.4285650656695615,0.47992613436306847,0.0,0.0,0.08866666666666667,0.4296666666666667,0.17666666666666667,0.20066666666666666,0.0,0.0
292,0.4273350969154076,0.6441806629116288,0.5865375539270714,0.4120600125134459,0.23673079836551325,0.30295667994474806,0.2735,0.24219074878503505,0.0,0.0,0.0
